order_id,customer_id,warehouse_id,workflow_type,preparation_time_min,packing_accuracy_pct,delivery_complaints,amount,status,signup_date,revenue,preparation_rate_per_hour,packing_accuracy_tier,delivery_complaint_quartile,packing_accuracy_score,preparation_speed_score,delivery_complaint_score,workflow_failure_score,warehouse_health_score
1,3418,W1,Picking,15.89,99.49,2,470.38,pending,2025-05-14,,3.78,Excellent,Q4,9.95,0.94,5.0,5,57.2
2,3932,W1,Picking,20.73,97.89,2,483.64,completed,2026-01-21,483.64,2.89,Excellent,Q4,9.79,0.72,5.0,0,63.6
3,2138,W4,Packaging,14.62,100.0,0,367.88,completed,2023-11-15,367.88,4.1,Excellent,Q2,10.0,1.03,10.0,0,77.6
4,2083,W2,Sorting,18.86,85.55,2,302.2,completed,2023-03-30,302.2,3.18,Fair,Q4,8.55,0.8,5.0,0,59.4
5,3364,W4,Picking,10.62,100.0,1,734.53,failed,2024-01-29,,5.65,Excellent,Q3,10.0,1.41,7.5,10,57.3
6,1413,W1,Picking,9.7,98.98,0,729.19,completed,2025-02-17,729.19,6.19,Excellent,Q2,9.9,1.55,10.0,0,78.5
7,3654,W3,Packing,15.02,96.59,1,797.11,completed,2023-05-27,797.11,3.99,Good,Q3,9.66,1.0,7.5,0,70.1
8,3621,W5,Packaging,24.81,89.65,3,240.41,completed,2026-02-14,240.41,2.42,Fair,Q4,8.96,0.6,2.5,0,54.1
9,1864,W2,Sorting,22.39,85.45,3,238.56,cancelled,2026-03-07,,2.68,Fair,Q4,8.54,0.67,2.5,10,37.8
10,2084,W3,Packaging,18.47,87.57,2,398.14,completed,2023-10-13,398.14,3.25,Fair,Q4,8.76,0.81,5.0,0,60.2
11,3021,W2,Sorting,15.84,90.6,0,130.51,pending,2023-07-06,,3.79,Fair,Q2,9.06,0.95,10.0,5,66.6
12,2576,W1,Picking,28.92,100.0,2,513.0,completed,2025-02-20,513.0,2.07,Excellent,Q4,10.0,0.52,5.0,0,63.8
13,3199,W5,Packing,31.37,87.16,3,584.23,completed,2024-06-30,584.23,1.91,Fair,Q4,8.72,0.48,2.5,0,53.0
14,3947,W3,Picking,16.98,96.58,0,617.95,completed,2024-06-23,617.95,3.53,Good,Q2,9.66,0.88,10.0,0,76.0
15,2531,W5,Packaging,26.5,92.97,2,181.09,completed,2023-11-27,181.09,2.26,Good,Q4,9.3,0.57,5.0,0,61.5
16,4406,W5,Picking,14.81,89.36,1,318.09,completed,2024-09-21,318.09,4.05,Fair,Q3,8.94,1.01,7.5,0,67.6
17,3181,W2,Picking,16.95,92.13,1,831.62,completed,2023-09-15,831.62,3.54,Good,Q3,9.21,0.88,7.5,0,68.2
18,1867,W2,Packing,11.46,92.59,3,521.51,failed,2026-01-09,,5.24,Good,Q4,9.26,1.31,2.5,10,41.9
19,1262,W2,Sorting,19.52,84.89,3,222.0,completed,2024-11-23,222.0,3.07,Poor,Q4,8.49,0.77,2.5,0,52.9
20,1276,W1,Packaging,13.77,100.0,1,64.16,completed,2023-03-06,64.16,4.36,Excellent,Q3,10.0,1.09,7.5,0,71.5
21,3360,W3,Picking,15.37,100.0,0,751.79,completed,2025-08-26,751.79,3.9,Excellent,Q2,10.0,0.98,10.0,0,77.5
22,2734,W2,Packing,18.64,90.76,2,374.93,pending,2025-04-21,,3.22,Fair,Q4,9.08,0.8,5.0,5,53.8
23,2018,W4,Picking,17.46,98.02,0,734.5,completed,2024-01-28,734.5,3.44,Excellent,Q2,9.8,0.86,10.0,0,76.4
24,1308,W2,Packing,23.21,91.91,3,745.2,completed,2025-06-26,745.2,2.59,Fair,Q4,9.19,0.65,2.5,0,55.0
25,1681,W5,Picking,29.31,91.27,4,723.66,completed,2025-04-12,723.66,2.05,Fair,Q4,9.13,0.51,0,0,48.2
26,2599,W4,Packing,14.79,94.37,1,331.44,completed,2024-06-27,331.44,4.06,Good,Q3,9.44,1.01,7.5,0,69.3
27,2215,W4,Sorting,34.02,90.22,0,144.26,completed,2024-03-21,144.26,1.76,Fair,Q2,9.02,0.44,10.0,0,72.7
28,4492,W1,Picking,13.07,100.0,1,434.88,pending,2025-12-23,,4.59,Excellent,Q3,10.0,1.15,7.5,5,64.1
29,1491,W2,Picking,21.61,94.04,0,211.4,failed,2026-03-12,,2.78,Good,Q2,9.4,0.69,10.0,10,59.6
30,2068,W2,Picking,14.58,88.17,2,451.52,completed,2024-02-23,451.52,4.12,Fair,Q4,8.82,1.03,5.0,0,60.9
31,1038,W3,Packaging,22.5,98.82,0,796.34,completed,2025-07-27,796.34,2.67,Excellent,Q2,9.88,0.67,10.0,0,76.3
32,1281,W5,Picking,22.85,92.02,2,794.27,completed,2024-05-15,794.27,2.63,Good,Q4,9.2,0.66,5.0,0,61.3
33,1032,W3,Sorting,23.32,86.51,0,561.07,completed,2026-02-09,561.07,2.57,Fair,Q2,8.65,0.64,10.0,0,71.9
34,3266,W3,Picking,6.87,97.72,1,104.38,failed,2023-11-15,,8.73,Excellent,Q3,9.77,2.18,7.5,10,58.4
35,4465,W3,Sorting,18.72,89.26,0,422.92,completed,2023-04-15,422.92,3.21,Fair,Q2,8.93,0.8,10.0,0,73.3
36,2072,W1,Packing,14.68,98.07,1,124.23,pending,2023-11-27,,4.09,Excellent,Q3,9.81,1.02,7.5,5,63.1
37,2512,W4,Packing,26.19,100.0,0,45.08,completed,2026-04-07,45.08,2.29,Excellent,Q2,10.0,0.57,10.0,0,76.4
38,1163,W5,Packaging,18.35,93.18,2,794.13,completed,2025-01-02,794.13,3.27,Good,Q4,9.32,0.82,5.0,0,62.2
39,1969,W2,Packaging,16.12,95.08,4,640.81,completed,2023-11-29,640.81,3.72,Good,Q4,9.51,0.93,0,0,50.6
40,4285,W2,Packing,11.04,89.8,0,792.23,completed,2024-05-23,792.23,5.43,Fair,Q2,8.98,1.36,10.0,0,74.8
41,2885,W3,Packaging,25.49,99.7,1,696.85,pending,2024-12-17,,2.35,Excellent,Q3,9.97,0.59,7.5,5,62.6
42,1284,W3,Packaging,14.85,92.44,0,247.63,completed,2024-07-25,247.63,4.04,Good,Q2,9.24,1.01,10.0,0,74.9
43,3378,W3,Packing,20.69,90.72,3,233.11,completed,2024-06-27,233.11,2.9,Fair,Q4,9.07,0.72,2.5,0,54.8
44,3094,W1,Picking,17.57,93.32,2,379.39,completed,2023-08-25,379.39,3.41,Good,Q4,9.33,0.85,5.0,0,62.3
45,4039,W4,Packaging,16.33,96.18,2,615.72,completed,2024-02-08,615.72,3.67,Good,Q4,9.62,0.92,5.0,0,63.5
46,4473,W3,Packing,15.4,91.86,0,277.12,completed,2023-09-13,277.12,3.9,Fair,Q2,9.19,0.97,10.0,0,74.6
47,2552,W3,Sorting,15.84,97.39,0,570.22,completed,2023-12-23,570.22,3.79,Excellent,Q2,9.74,0.95,10.0,0,76.5
48,4218,W5,Sorting,21.71,88.51,1,190.5,completed,2026-04-02,190.5,2.76,Fair,Q3,8.85,0.69,7.5,0,66.4
49,1695,W5,Sorting,19.56,87.79,0,679.68,completed,2023-06-23,679.68,3.07,Fair,Q2,8.78,0.77,10.0,0,72.7
50,4303,W3,Sorting,21.2,94.69,1,274.2,completed,2024-02-12,274.2,2.83,Good,Q3,9.47,0.71,7.5,0,68.7
51,3357,W2,Picking,25.64,92.25,1,754.92,completed,2024-02-03,754.92,2.34,Good,Q3,9.22,0.59,7.5,0,67.5
52,4154,W4,Packing,11.52,99.16,2,760.37,completed,2023-08-07,760.37,5.21,Excellent,Q4,9.92,1.3,5.0,0,65.5
53,2869,W4,Packaging,22.23,95.14,1,723.36,completed,2023-10-01,723.36,2.7,Good,Q3,9.51,0.67,7.5,0,68.7
54,3067,W4,Sorting,19.37,97.98,0,615.59,failed,2025-05-23,,3.1,Excellent,Q2,9.8,0.77,10.0,10,61.2
55,4136,W5,Packing,21.37,84.06,1,547.45,cancelled,2025-12-03,,2.81,Poor,Q3,8.41,0.7,7.5,10,49.9
56,2309,W4,Packaging,20.16,99.3,1,241.88,completed,2026-01-11,241.88,2.98,Excellent,Q3,9.93,0.74,7.5,0,70.4
57,2908,W1,Packaging,14.86,97.04,1,291.29,completed,2025-05-01,291.29,4.04,Excellent,Q3,9.7,1.01,7.5,0,70.2
58,1080,W1,Packaging,22.04,90.23,2,804.96,pending,2026-03-25,,2.72,Fair,Q4,9.02,0.68,5.0,5,53.3
59,4061,W4,Packing,12.01,100.0,2,364.88,completed,2026-01-23,364.88,5.0,Excellent,Q4,10.0,1.25,5.0,0,65.6
60,3739,W5,Packaging,11.14,88.84,3,339.7,completed,2025-04-08,339.7,5.39,Fair,Q4,8.88,1.35,2.5,0,55.7
61,1343,W2,Packing,26.73,89.5,3,568.6,cancelled,2025-05-27,,2.24,Fair,Q4,8.95,0.56,2.5,10,39.0
62,2382,W2,Packing,16.9,89.87,2,394.67,completed,2025-02-15,394.67,3.55,Fair,Q4,8.99,0.89,5.0,0,61.2
63,3662,W3,Packing,19.06,94.09,0,307.22,completed,2023-05-21,307.22,3.15,Good,Q2,9.41,0.79,10.0,0,74.9
64,1517,W1,Picking,10.52,97.55,1,142.24,failed,2025-08-27,,5.7,Excellent,Q3,9.75,1.43,7.5,10,56.4
65,4185,W1,Packaging,16.81,99.33,0,614.83,completed,2023-12-02,614.83,3.57,Excellent,Q2,9.93,0.89,10.0,0,77.0
66,2537,W3,Picking,8.45,100.0,0,773.2,completed,2025-03-23,773.2,7.1,Excellent,Q2,10.0,1.78,10.0,0,79.5
67,4299,W2,Picking,20.61,90.19,1,586.36,completed,2023-09-05,586.36,2.91,Fair,Q3,9.02,0.73,7.5,0,67.1
68,2397,W5,Picking,15.79,87.83,2,437.48,completed,2023-01-26,437.48,3.8,Fair,Q4,8.78,0.95,5.0,0,60.6
69,4005,W4,Packing,23.89,94.11,1,378.63,completed,2025-12-04,378.63,2.51,Good,Q3,9.41,0.63,7.5,0,68.3
70,2005,W3,Packing,11.3,96.16,0,284.12,completed,2023-06-27,284.12,5.31,Good,Q2,9.62,1.33,10.0,0,77.0
71,1744,W3,Packing,11.5,94.91,1,725.55,completed,2025-09-25,725.55,5.22,Good,Q3,9.49,1.3,7.5,0,70.2
72,2131,W2,Sorting,22.63,83.87,4,600.49,pending,2026-02-12,,2.65,Poor,Q4,8.39,0.66,0,5,38.5
73,3010,W1,Packaging,15.92,90.95,1,554.33,completed,2025-07-06,554.33,3.77,Fair,Q3,9.09,0.94,7.5,0,67.9
74,2511,W1,Picking,8.15,94.84,1,569.41,completed,2025-08-27,569.41,7.36,Good,Q3,9.48,1.84,7.5,0,71.5
75,1494,W5,Sorting,22.69,83.22,1,224.92,completed,2024-01-30,224.92,2.64,Poor,Q3,8.32,0.66,7.5,0,64.5
76,4025,W3,Picking,12.6,100.0,0,174.94,pending,2025-09-18,,4.76,Excellent,Q2,10.0,1.19,10.0,5,70.5
77,1518,W3,Sorting,21.48,88.99,0,606.2,failed,2024-07-15,,2.79,Fair,Q2,8.9,0.7,10.0,10,57.9
78,3010,W1,Picking,19.05,96.63,0,740.17,completed,2023-07-30,740.17,3.15,Good,Q2,9.66,0.79,10.0,0,75.8
79,4367,W1,Sorting,15.83,93.73,4,413.9,completed,2023-05-14,413.9,3.79,Good,Q4,9.37,0.95,0,0,50.2
80,3305,W4,Packing,20.77,94.59,0,139.58,completed,2024-09-14,139.58,2.89,Good,Q2,9.46,0.72,10.0,0,74.9
81,2845,W1,Packaging,17.62,90.06,1,451.35,completed,2025-06-25,451.35,3.41,Fair,Q3,9.01,0.85,7.5,0,67.4
82,4124,W3,Packing,14.74,89.72,0,632.97,completed,2024-03-01,632.97,4.07,Fair,Q2,8.97,1.02,10.0,0,73.9
83,3432,W2,Sorting,23.5,90.36,2,391.17,completed,2025-08-20,391.17,2.55,Fair,Q4,9.04,0.64,5.0,0,60.7
84,3815,W3,Picking,16.57,94.73,0,394.12,completed,2024-04-23,394.12,3.62,Good,Q2,9.47,0.91,10.0,0,75.4
85,1679,W3,Packaging,10.66,93.0,3,74.63,completed,2024-09-21,74.63,5.63,Good,Q4,9.3,1.41,2.5,0,57.3
86,2115,W5,Sorting,17.71,83.46,2,351.09,completed,2025-10-21,351.09,3.39,Poor,Q4,8.35,0.85,5.0,0,58.8
87,1937,W5,Packing,13.04,83.75,1,36.6,completed,2026-03-24,36.6,4.6,Poor,Q3,8.38,1.15,7.5,0,66.0
88,4097,W5,Picking,13.03,89.81,0,48.59,failed,2023-12-25,,4.6,Fair,Q2,8.98,1.15,10.0,10,59.3
89,2425,W4,Packing,19.77,100.0,0,91.19,cancelled,2025-04-16,,3.03,Excellent,Q2,10.0,0.76,10.0,10,61.9
90,2180,W3,Sorting,15.04,94.14,0,594.22,completed,2025-03-31,594.22,3.99,Good,Q2,9.41,1.0,10.0,0,75.4
91,1004,W5,Picking,18.06,94.55,2,444.69,completed,2026-01-16,444.69,3.32,Good,Q4,9.46,0.83,5.0,0,62.7
92,2810,W4,Packing,16.05,89.95,0,431.24,completed,2023-04-16,431.24,3.74,Fair,Q2,9.0,0.93,10.0,0,73.8
93,3493,W2,Sorting,26.62,86.41,1,827.58,completed,2024-05-05,827.58,2.25,Fair,Q3,8.64,0.56,7.5,0,65.4
94,1464,W2,Sorting,19.39,86.63,1,843.53,completed,2025-08-03,843.53,3.09,Fair,Q3,8.66,0.77,7.5,0,66.0
95,1998,W1,Packaging,15.76,90.83,0,833.5,completed,2025-07-24,833.5,3.81,Fair,Q2,9.08,0.95,10.0,0,74.2
96,1285,W5,Packaging,30.38,93.7,1,749.24,completed,2024-07-19,749.24,1.97,Good,Q3,9.37,0.49,7.5,0,67.8
97,3703,W4,Sorting,8.94,93.34,1,505.09,failed,2025-09-29,,6.71,Good,Q3,9.33,1.68,7.5,10,55.6
98,2865,W2,Packing,24.72,87.25,3,468.76,completed,2024-10-21,468.76,2.43,Fair,Q4,8.73,0.61,2.5,0,53.3
99,4323,W2,Packaging,20.89,97.88,3,603.87,completed,2025-02-19,603.87,2.87,Excellent,Q4,9.79,0.72,2.5,0,57.3
100,1411,W4,Packaging,18.64,100.0,1,507.8,completed,2025-06-20,507.8,3.22,Excellent,Q3,10.0,0.8,7.5,0,70.8
101,2085,W1,Packing,23.84,100.0,1,667.57,completed,2024-11-24,667.57,2.52,Excellent,Q3,10.0,0.63,7.5,0,70.3
102,2556,W5,Packing,21.23,93.27,0,732.55,completed,2024-10-10,732.55,2.83,Good,Q2,9.33,0.71,10.0,0,74.4
103,1403,W4,Picking,15.93,100.0,0,90.47,completed,2023-07-25,90.47,3.77,Excellent,Q2,10.0,0.94,10.0,0,77.3
104,2201,W4,Packaging,19.89,97.41,0,679.78,completed,2025-01-04,679.78,3.02,Excellent,Q2,9.74,0.75,10.0,0,76.0
105,2566,W3,Packing,11.86,92.69,1,80.94,completed,2026-06-23,80.94,5.06,Good,Q3,9.27,1.26,7.5,0,69.3
106,2045,W2,Packing,17.66,92.87,2,227.07,cancelled,2023-01-20,,3.4,Good,Q4,9.29,0.85,5.0,10,47.1
107,2737,W4,Sorting,21.15,97.32,0,548.51,completed,2024-05-27,548.51,2.84,Excellent,Q2,9.73,0.71,10.0,0,75.8
108,3342,W4,Sorting,23.69,90.26,2,213.07,completed,2025-01-05,213.07,2.53,Fair,Q4,9.03,0.63,5.0,0,60.7
109,3809,W5,Sorting,18.93,97.4,1,487.55,failed,2023-04-11,,3.17,Excellent,Q3,9.74,0.79,7.5,10,54.8
110,4284,W5,Packing,18.24,94.27,0,207.15,pending,2024-12-22,,3.29,Good,Q2,9.43,0.82,10.0,5,67.6
111,3570,W2,Packaging,16.5,85.26,0,539.59,completed,2023-03-22,539.59,3.64,Fair,Q2,8.53,0.91,10.0,0,72.1
112,2338,W3,Packing,10.17,92.3,1,774.54,completed,2025-04-30,774.54,5.9,Good,Q3,9.23,1.47,7.5,0,69.7
113,2052,W2,Packaging,7.07,88.39,0,708.44,completed,2025-09-13,708.44,8.49,Fair,Q2,8.84,2.12,10.0,0,76.2
114,1924,W3,Sorting,17.27,90.35,1,644.72,pending,2025-03-24,,3.47,Fair,Q3,9.04,0.87,7.5,5,60.1
115,2073,W5,Sorting,19.71,88.73,3,640.42,completed,2026-04-12,640.42,3.04,Fair,Q4,8.87,0.76,2.5,0,54.2
116,3299,W4,Sorting,21.56,93.79,1,753.34,completed,2024-11-02,753.34,2.78,Good,Q3,9.38,0.7,7.5,0,68.3
117,1185,W5,Packaging,17.32,86.14,1,112.42,completed,2023-03-18,112.42,3.46,Fair,Q3,8.61,0.87,7.5,0,66.1
118,2519,W3,Packing,11.3,94.17,2,339.52,completed,2026-01-11,339.52,5.31,Good,Q4,9.42,1.33,5.0,0,63.8
119,3827,W4,Packaging,11.07,90.14,0,248.58,cancelled,2025-01-28,,5.42,Fair,Q2,9.01,1.36,10.0,10,59.9
120,2504,W2,Packing,12.74,90.43,2,834.07,completed,2026-01-20,834.07,4.71,Fair,Q4,9.04,1.18,5.0,0,62.1
121,3628,W3,Picking,17.34,98.3,1,568.41,completed,2026-05-07,568.41,3.46,Excellent,Q3,9.83,0.87,7.5,0,70.3
122,1281,W1,Picking,11.31,97.38,1,486.42,pending,2026-02-09,,5.31,Excellent,Q3,9.74,1.33,7.5,5,63.7
123,1592,W2,Packaging,20.92,97.86,2,246.52,pending,2023-09-24,,2.87,Excellent,Q4,9.79,0.72,5.0,5,56.1
124,2467,W5,Sorting,16.27,92.99,3,125.06,pending,2024-05-02,,3.69,Good,Q4,9.3,0.92,2.5,5,48.6
125,2836,W5,Sorting,22.55,88.87,1,68.07,completed,2025-01-11,68.07,2.66,Fair,Q3,8.89,0.67,7.5,0,66.5
126,3698,W5,Picking,20.97,92.28,3,622.25,completed,2025-12-03,622.25,2.86,Good,Q4,9.23,0.72,2.5,0,55.4
127,3917,W3,Packing,35.97,96.52,2,105.15,completed,2025-06-27,105.15,1.67,Good,Q4,9.65,0.42,5.0,0,62.3
128,3397,W1,Picking,11.48,98.54,1,536.31,completed,2026-01-28,536.31,5.23,Excellent,Q3,9.85,1.31,7.5,0,71.5
129,4493,W3,Packing,12.8,92.86,0,600.99,failed,2026-02-03,,4.69,Good,Q2,9.29,1.17,10.0,10,60.4
130,2703,W2,Packing,19.19,90.59,2,393.67,completed,2023-07-14,393.67,3.13,Fair,Q4,9.06,0.78,5.0,0,61.2
131,1349,W3,Packing,17.82,100.0,0,91.17,completed,2023-07-10,91.17,3.37,Excellent,Q2,10.0,0.84,10.0,0,77.1
132,3300,W4,Picking,9.97,96.73,1,65.08,pending,2026-02-24,,6.02,Good,Q3,9.67,1.5,7.5,5,63.8
133,2178,W3,Picking,24.74,89.61,0,57.96,completed,2026-05-14,57.96,2.43,Fair,Q2,8.96,0.61,10.0,0,72.9
134,4470,W3,Sorting,24.58,89.58,1,417.63,completed,2023-08-10,417.63,2.44,Fair,Q3,8.96,0.61,7.5,0,66.6
135,3546,W3,Sorting,18.76,94.72,0,655.81,completed,2026-06-10,655.81,3.2,Good,Q2,9.47,0.8,10.0,0,75.1
136,2119,W5,Picking,22.56,87.93,0,39.18,completed,2024-09-24,39.18,2.66,Fair,Q2,8.79,0.66,10.0,0,72.4
137,1125,W3,Sorting,23.82,88.13,0,543.7,completed,2023-07-07,543.7,2.52,Fair,Q2,8.81,0.63,10.0,0,72.4
138,2328,W5,Packaging,22.61,87.26,2,275.22,completed,2026-03-08,275.22,2.65,Fair,Q4,8.73,0.66,5.0,0,59.7
139,2736,W5,Picking,24.48,96.86,2,385.0,cancelled,2025-09-21,,2.45,Good,Q4,9.69,0.61,5.0,10,47.9
140,1454,W5,Packing,22.23,89.63,3,303.22,completed,2024-08-03,303.22,2.7,Fair,Q4,8.96,0.67,2.5,0,54.3
141,1865,W5,Packing,20.33,91.24,2,185.69,completed,2023-10-09,185.69,2.95,Fair,Q4,9.12,0.74,5.0,0,61.3
142,2557,W3,Sorting,19.24,98.52,1,161.71,completed,2025-12-26,161.71,3.12,Excellent,Q3,9.85,0.78,7.5,0,70.2
143,3358,W2,Sorting,22.75,87.4,4,734.86,completed,2025-05-29,734.86,2.64,Fair,Q4,8.74,0.66,0,0,47.2
144,2330,W5,Packing,22.92,86.88,2,32.42,completed,2023-12-18,32.42,2.62,Fair,Q4,8.69,0.65,5.0,0,59.5
145,3146,W5,Packing,23.48,87.77,2,506.71,pending,2023-06-11,,2.56,Fair,Q4,8.78,0.64,5.0,5,52.3
146,3593,W4,Sorting,15.11,94.94,3,78.78,pending,2023-08-22,,3.97,Good,Q4,9.49,0.99,2.5,5,49.4
147,1599,W5,Packaging,16.29,94.73,2,212.28,cancelled,2024-06-08,,3.68,Good,Q4,9.47,0.92,5.0,10,47.9
148,4165,W2,Packaging,11.66,91.37,0,162.92,completed,2025-10-08,162.92,5.15,Fair,Q2,9.14,1.29,10.0,0,75.2
149,2294,W4,Packing,22.29,91.62,2,825.76,completed,2023-11-06,825.76,2.69,Fair,Q4,9.16,0.67,5.0,0,61.2
150,2441,W4,Picking,14.83,93.36,0,508.84,completed,2025-11-05,508.84,4.05,Good,Q2,9.34,1.01,10.0,0,75.2
151,1369,W1,Sorting,23.46,93.7,0,831.1,completed,2026-06-13,831.1,2.56,Good,Q2,9.37,0.64,10.0,0,74.4
152,2842,W5,Packing,28.6,81.92,1,763.06,completed,2026-03-16,763.06,2.1,Poor,Q3,8.19,0.52,7.5,0,63.7
153,3925,W2,Sorting,9.22,88.21,0,714.21,completed,2023-06-22,714.21,6.51,Fair,Q2,8.82,1.63,10.0,0,74.9
154,3497,W5,Packaging,23.79,86.27,0,452.6,completed,2023-11-22,452.6,2.52,Fair,Q2,8.63,0.63,10.0,0,71.8
155,2370,W3,Sorting,12.84,96.39,1,541.79,cancelled,2023-05-15,,4.67,Good,Q3,9.64,1.17,7.5,10,55.4
156,3468,W3,Picking,14.92,94.09,1,726.06,completed,2023-11-04,726.06,4.02,Good,Q3,9.41,1.01,7.5,0,69.2
157,3437,W3,Picking,19.33,99.28,2,342.28,completed,2023-06-23,342.28,3.1,Excellent,Q4,9.93,0.78,5.0,0,64.2
158,4026,W3,Packing,16.64,92.71,1,601.86,completed,2025-12-14,601.86,3.61,Good,Q3,9.27,0.9,7.5,0,68.4
159,1786,W1,Packing,21.87,94.99,2,654.74,completed,2024-04-08,654.74,2.74,Good,Q4,9.5,0.69,5.0,0,62.5
160,4420,W2,Packaging,18.62,92.03,1,658.68,completed,2025-12-14,658.68,3.22,Good,Q3,9.2,0.81,7.5,0,68.0
161,3558,W1,Sorting,13.83,89.16,1,593.53,cancelled,2023-12-06,,4.34,Fair,Q3,8.92,1.08,7.5,10,52.7
162,2167,W4,Picking,17.8,96.89,0,385.91,completed,2025-07-08,385.91,3.37,Good,Q2,9.69,0.84,10.0,0,76.0
163,2804,W2,Packaging,22.03,86.8,2,805.85,completed,2025-08-03,805.85,2.72,Fair,Q4,8.68,0.68,5.0,0,59.6
164,3476,W3,Packing,14.08,91.63,1,181.75,completed,2023-10-11,181.75,4.26,Fair,Q3,9.16,1.07,7.5,0,68.5
165,2167,W3,Picking,20.87,92.78,2,725.72,completed,2023-06-21,725.72,2.87,Good,Q4,9.28,0.72,5.0,0,61.8
166,1909,W2,Sorting,27.61,80.78,1,91.58,completed,2025-07-12,91.58,2.17,Poor,Q3,8.08,0.54,7.5,0,63.4
167,2305,W3,Picking,12.55,98.74,0,202.49,completed,2023-07-22,202.49,4.78,Excellent,Q2,9.87,1.2,10.0,0,77.5
168,1568,W3,Packaging,18.95,92.87,3,596.22,completed,2025-08-18,596.22,3.17,Good,Q4,9.29,0.79,2.5,0,55.7
169,2733,W4,Picking,18.66,98.53,2,523.41,cancelled,2023-08-16,,3.22,Excellent,Q4,9.85,0.8,5.0,10,49.0
170,2872,W3,Packaging,27.18,98.59,1,677.91,completed,2023-05-09,677.91,2.21,Excellent,Q3,9.86,0.55,7.5,0,69.6
171,3518,W1,Packing,23.59,95.1,1,373.41,completed,2024-12-23,373.41,2.54,Good,Q3,9.51,0.64,7.5,0,68.6
172,3154,W2,Packing,23.38,87.71,0,316.1,completed,2026-01-19,316.1,2.57,Fair,Q2,8.77,0.64,10.0,0,72.3
173,4229,W5,Picking,12.82,92.36,2,28.56,completed,2023-05-19,28.56,4.68,Good,Q4,9.24,1.17,5.0,0,62.8
174,2361,W3,Packaging,17.15,89.84,0,628.88,pending,2023-10-01,,3.5,Fair,Q2,8.98,0.87,10.0,5,66.1
175,3587,W1,Sorting,20.01,90.51,1,595.65,completed,2024-01-09,595.65,3.0,Fair,Q3,9.05,0.75,7.5,0,67.3
176,4240,W2,Picking,13.3,93.83,1,183.33,completed,2024-02-13,183.33,4.51,Good,Q3,9.38,1.13,7.5,0,69.4
177,1782,W1,Sorting,3.84,91.64,0,644.0,failed,2024-08-08,,15.62,Fair,Q2,9.16,3.91,10.0,10,66.8
178,2638,W3,Picking,15.38,95.38,1,322.3,cancelled,2025-06-19,,3.9,Good,Q3,9.54,0.98,7.5,10,54.6
179,3978,W4,Sorting,12.34,93.81,2,683.96,failed,2025-05-19,,4.86,Good,Q4,9.38,1.22,5.0,10,48.4
180,1327,W1,Packing,14.83,96.81,0,283.21,completed,2024-11-02,283.21,4.05,Good,Q2,9.68,1.01,10.0,0,76.4
181,2444,W3,Sorting,18.79,89.53,0,621.89,completed,2026-06-13,621.89,3.19,Fair,Q2,8.95,0.8,10.0,0,73.3
182,2663,W4,Sorting,20.08,94.05,0,575.44,completed,2025-01-14,575.44,2.99,Good,Q2,9.4,0.75,10.0,0,74.8
183,4188,W5,Packaging,25.27,93.78,1,71.14,failed,2025-01-20,,2.37,Good,Q3,9.38,0.59,7.5,10,53.1
184,2519,W3,Packing,16.89,95.96,1,390.69,failed,2025-01-31,,3.55,Good,Q3,9.6,0.89,7.5,10,54.6
185,4013,W4,Picking,10.25,97.46,0,109.73,completed,2024-01-17,109.73,5.85,Excellent,Q2,9.75,1.46,10.0,0,77.8
186,1878,W4,Packing,13.94,100.0,2,602.87,cancelled,2026-06-07,,4.3,Excellent,Q4,10.0,1.08,5.0,10,50.2
187,4319,W3,Packing,19.49,94.88,2,847.71,completed,2024-10-16,847.71,3.08,Good,Q4,9.49,0.77,5.0,0,62.6
188,3906,W3,Picking,23.39,95.55,1,146.52,completed,2023-12-23,146.52,2.57,Good,Q3,9.55,0.64,7.5,0,68.8
189,2511,W3,Packaging,18.43,96.68,1,477.61,completed,2025-08-15,477.61,3.26,Good,Q3,9.67,0.81,7.5,0,69.6
190,3944,W5,Packaging,19.88,92.45,2,849.66,completed,2025-09-07,849.66,3.02,Good,Q4,9.24,0.75,5.0,0,61.7
191,3785,W5,Packing,22.47,87.2,3,390.73,pending,2025-11-25,,2.67,Fair,Q4,8.72,0.67,2.5,5,45.9
192,1528,W3,Packaging,16.36,95.68,0,166.94,cancelled,2025-06-05,,3.67,Good,Q2,9.57,0.92,10.0,10,60.8
193,3125,W5,Picking,15.57,90.91,3,203.27,pending,2024-08-04,,3.85,Fair,Q4,9.09,0.96,2.5,5,48.0
194,3516,W1,Sorting,28.74,95.88,1,536.89,completed,2025-12-28,536.89,2.09,Good,Q3,9.59,0.52,7.5,0,68.6
195,3308,W1,Packaging,14.32,94.31,0,296.91,completed,2023-03-26,296.91,4.19,Good,Q2,9.43,1.05,10.0,0,75.6
196,4141,W1,Picking,8.2,93.99,0,558.69,completed,2026-03-17,558.69,7.32,Good,Q2,9.4,1.83,10.0,0,77.5
197,3805,W4,Picking,12.32,95.83,2,686.91,completed,2025-04-11,686.91,4.87,Good,Q4,9.58,1.22,5.0,0,64.1
198,1835,W3,Packing,16.66,97.7,1,419.35,completed,2024-11-27,419.35,3.6,Excellent,Q3,9.77,0.9,7.5,0,70.2
199,2517,W5,Packaging,19.39,83.12,4,124.19,completed,2025-11-20,124.19,3.09,Poor,Q4,8.31,0.77,0,0,46.0
200,1396,W5,Picking,9.36,88.21,1,222.01,completed,2023-04-14,222.01,6.41,Fair,Q3,8.82,1.6,7.5,0,68.6
201,3953,W3,Packing,7.04,98.75,3,794.68,cancelled,2024-10-02,,8.52,Excellent,Q4,9.88,2.13,2.5,10,46.2
202,1094,W2,Packaging,14.72,86.32,1,272.63,completed,2023-07-04,272.63,4.08,Fair,Q3,8.63,1.02,7.5,0,66.5
203,3679,W4,Packing,18.01,99.14,2,751.75,failed,2025-08-21,,3.33,Excellent,Q4,9.91,0.83,5.0,10,49.3
204,4128,W3,Picking,18.22,88.89,2,622.47,cancelled,2025-04-05,,3.29,Fair,Q4,8.89,0.82,5.0,10,45.7
205,4130,W3,Picking,13.43,95.28,0,436.05,completed,2026-01-31,436.05,4.47,Good,Q2,9.53,1.12,10.0,0,76.2
206,3284,W3,Picking,15.76,99.57,1,838.97,completed,2025-01-18,838.97,3.81,Excellent,Q3,9.96,0.95,7.5,0,71.0
207,3127,W2,Packaging,18.83,91.67,3,686.31,completed,2025-07-24,686.31,3.19,Fair,Q4,9.17,0.8,2.5,0,55.3
208,4028,W2,Packaging,21.91,89.19,1,842.16,completed,2024-09-04,842.16,2.74,Fair,Q3,8.92,0.68,7.5,0,66.7
209,2356,W5,Sorting,17.01,86.52,0,28.89,completed,2023-08-13,28.89,3.53,Fair,Q2,8.65,0.88,10.0,0,72.5
210,2943,W4,Sorting,16.01,92.76,0,37.25,pending,2024-06-27,,3.75,Good,Q2,9.28,0.94,10.0,5,67.3
211,1605,W5,Packaging,18.35,88.27,0,717.37,pending,2024-05-11,,3.27,Fair,Q2,8.83,0.82,10.0,5,65.5
212,1835,W1,Picking,10.76,93.42,1,359.82,completed,2025-04-20,359.82,5.58,Good,Q3,9.34,1.39,7.5,0,69.9
213,3712,W5,Packing,21.44,87.17,2,286.42,cancelled,2025-09-06,,2.8,Fair,Q4,8.72,0.7,5.0,10,44.8
214,2451,W5,Packing,24.2,92.69,4,300.84,completed,2024-06-25,300.84,2.48,Good,Q4,9.27,0.62,0,0,49.0
215,2183,W5,Packing,21.74,93.71,2,263.51,completed,2024-02-29,263.51,2.76,Good,Q4,9.37,0.69,5.0,0,62.0
216,2178,W4,Sorting,31.47,85.03,0,617.59,completed,2023-09-07,617.59,1.91,Fair,Q2,8.5,0.48,10.0,0,71.0
217,3925,W5,Packing,17.97,90.86,2,50.13,cancelled,2023-06-11,,3.34,Fair,Q4,9.09,0.83,5.0,10,46.4
218,2110,W3,Packing,15.42,93.65,0,706.34,completed,2026-02-25,706.34,3.89,Good,Q2,9.37,0.97,10.0,0,75.2
219,1953,W3,Packaging,17.39,91.65,3,203.44,completed,2023-04-18,203.44,3.45,Fair,Q4,9.17,0.86,2.5,0,55.5
220,3254,W1,Packing,21.0,88.64,1,129.78,completed,2023-11-20,129.78,2.86,Fair,Q3,8.86,0.71,7.5,0,66.5
221,1366,W4,Packing,21.02,100.0,0,773.13,completed,2026-03-21,773.13,2.85,Excellent,Q2,10.0,0.71,10.0,0,76.8
222,1148,W2,Picking,25.3,96.55,3,161.78,cancelled,2025-03-24,,2.37,Good,Q4,9.66,0.59,2.5,10,41.5
223,1439,W4,Packaging,27.49,94.25,1,489.25,failed,2024-11-17,,2.18,Good,Q3,9.43,0.55,7.5,10,53.1
224,4485,W3,Packing,17.72,89.2,0,798.7,failed,2025-10-29,,3.39,Fair,Q2,8.92,0.85,10.0,10,58.3
225,4017,W4,Sorting,20.46,95.25,0,170.48,completed,2024-11-21,170.48,2.93,Good,Q2,9.53,0.73,10.0,0,75.2
226,3110,W3,Packaging,18.58,99.88,0,705.54,completed,2024-11-02,705.54,3.23,Excellent,Q2,9.99,0.81,10.0,0,77.0
227,1964,W1,Packing,18.7,96.62,0,232.76,completed,2025-07-03,232.76,3.21,Good,Q2,9.66,0.8,10.0,0,75.8
228,3837,W3,Sorting,22.78,91.8,1,560.83,completed,2024-04-28,560.83,2.63,Fair,Q3,9.18,0.66,7.5,0,67.5
229,3827,W1,Picking,19.89,100.0,3,657.82,completed,2023-08-29,657.82,3.02,Excellent,Q4,10.0,0.75,2.5,0,58.1
230,4062,W3,Sorting,14.54,92.31,2,142.91,completed,2026-05-25,142.91,4.13,Good,Q4,9.23,1.03,5.0,0,62.4
231,3786,W3,Packing,25.38,90.19,2,651.15,completed,2026-05-05,651.15,2.36,Fair,Q4,9.02,0.59,5.0,0,60.5
232,4394,W1,Packing,8.75,88.83,3,108.69,completed,2026-01-26,108.69,6.86,Fair,Q4,8.88,1.71,2.5,0,56.6
233,3388,W5,Packaging,23.62,92.38,1,186.51,completed,2025-09-28,186.51,2.54,Good,Q3,9.24,0.64,7.5,0,67.7
234,1236,W1,Packing,17.28,90.0,1,396.43,pending,2026-02-18,,3.47,Fair,Q3,9.0,0.87,7.5,5,59.9
235,2411,W4,Sorting,10.89,98.18,1,52.82,pending,2023-05-11,,5.51,Excellent,Q3,9.82,1.38,7.5,5,64.1
236,2674,W5,Picking,13.23,99.76,2,41.5,failed,2024-01-04,,4.54,Excellent,Q4,9.98,1.13,5.0,10,50.3
237,3710,W2,Packing,24.83,87.35,2,82.01,completed,2026-01-09,82.01,2.42,Fair,Q4,8.73,0.6,5.0,0,59.6
238,1912,W2,Sorting,19.38,92.29,1,121.33,completed,2023-01-08,121.33,3.1,Good,Q3,9.23,0.77,7.5,0,68.0
239,1635,W1,Sorting,17.79,88.68,0,399.62,completed,2024-07-18,399.62,3.37,Fair,Q2,8.87,0.84,10.0,0,73.1
240,1064,W2,Picking,21.28,89.84,0,796.76,completed,2024-05-07,796.76,2.82,Fair,Q2,8.98,0.7,10.0,0,73.2
241,2647,W2,Picking,25.4,93.93,1,633.35,completed,2025-06-17,633.35,2.36,Good,Q3,9.39,0.59,7.5,0,68.1
242,1959,W2,Packaging,18.49,91.36,0,844.56,pending,2026-03-25,,3.24,Fair,Q2,9.14,0.81,10.0,5,66.5
243,3280,W3,Sorting,29.79,83.72,0,244.75,completed,2026-04-26,244.75,2.01,Poor,Q2,8.37,0.5,10.0,0,70.5
244,2561,W2,Packing,19.91,93.62,2,552.17,completed,2025-12-10,552.17,3.01,Good,Q4,9.36,0.75,5.0,0,62.1
245,3898,W3,Packing,17.22,96.13,0,203.16,completed,2023-10-23,203.16,3.48,Good,Q2,9.61,0.87,10.0,0,75.8
246,1994,W4,Picking,14.32,100.0,0,126.97,completed,2024-06-06,126.97,4.19,Excellent,Q2,10.0,1.05,10.0,0,77.6
247,2099,W2,Sorting,30.36,84.66,3,174.05,completed,2025-02-11,174.05,1.98,Poor,Q4,8.47,0.49,2.5,0,52.1
248,3289,W5,Picking,24.21,93.87,3,619.79,cancelled,2024-03-20,,2.48,Good,Q4,9.39,0.62,2.5,10,40.7
249,1480,W4,Packaging,10.15,100.0,3,818.33,cancelled,2025-09-07,,5.91,Excellent,Q4,10.0,1.48,2.5,10,45.0
250,2909,W2,Packaging,21.13,91.24,2,251.35,completed,2025-12-28,251.35,2.84,Fair,Q4,9.12,0.71,5.0,0,61.2
251,4439,W3,Sorting,13.56,91.52,4,407.02,completed,2024-10-17,407.02,4.42,Fair,Q4,9.15,1.11,0,0,49.8
252,1066,W2,Sorting,29.99,95.96,2,633.95,completed,2024-06-18,633.95,2.0,Good,Q4,9.6,0.5,5.0,0,62.3
253,3805,W5,Packing,22.8,91.33,1,474.79,completed,2024-11-22,474.79,2.63,Fair,Q3,9.13,0.66,7.5,0,67.4
254,4256,W3,Packing,16.61,90.78,0,155.48,failed,2024-12-22,,3.61,Fair,Q2,9.08,0.9,10.0,10,59.0
255,1138,W2,Packaging,8.88,91.65,0,64.04,pending,2023-06-02,,6.76,Fair,Q2,9.17,1.69,10.0,5,68.8
256,1037,W1,Picking,13.93,98.89,0,605.49,completed,2024-03-23,605.49,4.31,Excellent,Q2,9.89,1.08,10.0,0,77.3
257,1027,W5,Packing,16.13,84.6,0,422.36,completed,2025-12-25,422.36,3.72,Poor,Q2,8.46,0.93,10.0,0,71.9
258,1070,W5,Packing,17.76,85.45,1,831.2,completed,2025-10-25,831.2,3.38,Fair,Q3,8.54,0.84,7.5,0,65.7
259,2094,W4,Packaging,18.74,97.69,1,695.7,completed,2025-03-23,695.7,3.2,Excellent,Q3,9.77,0.8,7.5,0,69.9
260,2228,W1,Sorting,24.51,89.91,1,597.19,failed,2023-06-15,,2.45,Fair,Q3,8.99,0.61,7.5,10,51.7
261,4462,W1,Picking,11.73,100.0,0,84.04,completed,2025-06-07,84.04,5.12,Excellent,Q2,10.0,1.28,10.0,0,78.2
262,3835,W3,Picking,10.5,98.93,0,767.56,cancelled,2026-03-06,,5.71,Excellent,Q2,9.89,1.43,10.0,10,63.2
263,4483,W4,Sorting,28.38,97.81,2,42.47,completed,2024-10-06,42.47,2.11,Excellent,Q4,9.78,0.53,5.0,0,63.1
264,1315,W1,Packaging,13.19,95.59,0,347.58,completed,2024-09-04,347.58,4.55,Good,Q2,9.56,1.14,10.0,0,76.3
265,4237,W2,Packaging,24.4,86.12,0,632.69,completed,2023-06-10,632.69,2.46,Fair,Q2,8.61,0.61,10.0,0,71.7
266,4149,W5,Sorting,21.56,79.75,3,299.39,completed,2026-06-11,299.39,2.78,Poor,Q4,7.97,0.7,2.5,0,50.9
267,3265,W5,Packing,18.33,93.63,2,205.5,failed,2025-02-07,,3.27,Good,Q4,9.36,0.82,5.0,10,47.3
268,4268,W4,Packaging,11.05,95.5,0,531.54,completed,2024-05-19,531.54,5.43,Good,Q2,9.55,1.36,10.0,0,76.8
269,1374,W1,Picking,9.42,100.0,1,316.18,completed,2023-01-11,316.18,6.37,Excellent,Q3,10.0,1.59,7.5,0,72.7
270,2838,W3,Packing,22.3,93.44,1,171.47,completed,2026-02-14,171.47,2.69,Good,Q3,9.34,0.67,7.5,0,68.1
271,1050,W5,Packing,26.97,91.31,0,736.2,completed,2024-08-20,736.2,2.22,Fair,Q2,9.13,0.56,10.0,0,73.4
272,1994,W4,Packing,11.99,94.69,0,843.93,pending,2026-03-17,,5.0,Good,Q2,9.47,1.25,10.0,5,68.8
273,2130,W5,Packaging,22.92,92.27,1,154.62,completed,2025-05-12,154.62,2.62,Good,Q3,9.23,0.65,7.5,0,67.7
274,3030,W3,Packing,20.99,87.52,3,616.95,pending,2026-05-01,,2.86,Fair,Q4,8.75,0.71,2.5,5,46.2
275,2349,W5,Packaging,21.38,89.85,0,332.21,completed,2025-06-20,332.21,2.81,Fair,Q2,8.98,0.7,10.0,0,73.2
276,2313,W3,Packing,24.05,100.0,0,128.66,pending,2026-05-20,,2.49,Excellent,Q2,10.0,0.62,10.0,5,69.0
277,3358,W2,Packing,33.44,87.78,1,424.99,completed,2024-05-11,424.99,1.79,Fair,Q3,8.78,0.45,7.5,0,65.6
278,1818,W3,Packing,25.65,94.55,0,793.28,completed,2026-04-27,793.28,2.34,Good,Q2,9.46,0.58,10.0,0,74.6
279,2193,W5,Packaging,9.24,86.44,0,381.11,completed,2023-05-22,381.11,6.49,Fair,Q2,8.64,1.62,10.0,0,74.3
280,2733,W4,Packing,18.87,94.51,1,143.71,completed,2025-02-11,143.71,3.18,Good,Q3,9.45,0.79,7.5,0,68.8
281,3226,W1,Packing,12.58,95.13,0,592.58,failed,2023-03-17,,4.77,Good,Q2,9.51,1.19,10.0,10,61.3
282,3509,W3,Picking,15.93,96.47,2,153.89,completed,2023-04-01,153.89,3.77,Good,Q4,9.65,0.94,5.0,0,63.6
283,4059,W5,Packing,17.23,94.82,2,200.37,failed,2025-11-28,,3.48,Good,Q4,9.48,0.87,5.0,10,47.9
284,3049,W5,Packaging,22.41,84.17,3,506.47,completed,2023-11-05,506.47,2.68,Poor,Q4,8.42,0.67,2.5,0,52.4
285,2426,W3,Picking,13.23,100.0,2,624.68,completed,2024-09-30,624.68,4.54,Excellent,Q4,10.0,1.13,5.0,0,65.3
286,3957,W3,Packing,23.05,90.03,1,96.52,pending,2025-07-15,,2.6,Fair,Q3,9.0,0.65,7.5,5,59.4
287,1673,W3,Picking,17.31,94.56,1,580.41,completed,2024-05-14,580.41,3.47,Good,Q3,9.46,0.87,7.5,0,69.0
288,4267,W5,Packaging,15.13,87.45,2,400.82,completed,2025-04-09,400.82,3.97,Fair,Q4,8.75,0.99,5.0,0,60.6
289,2592,W2,Packaging,18.89,91.4,0,509.49,completed,2023-01-10,509.49,3.18,Fair,Q2,9.14,0.79,10.0,0,74.0
290,4274,W2,Packaging,17.82,88.96,0,497.09,completed,2026-01-04,497.09,3.37,Fair,Q2,8.9,0.84,10.0,0,73.2
291,3445,W2,Sorting,18.04,89.12,2,548.66,completed,2025-03-06,548.66,3.33,Fair,Q4,8.91,0.83,5.0,0,60.8
292,4333,W5,Packing,16.95,84.14,3,530.5,completed,2024-09-01,530.5,3.54,Poor,Q4,8.41,0.88,2.5,0,52.9
293,2591,W5,Picking,18.37,94.02,2,133.03,completed,2025-05-06,133.03,3.27,Good,Q4,9.4,0.82,5.0,0,62.5
294,3642,W5,Packaging,24.24,85.41,2,463.71,completed,2023-12-21,463.71,2.48,Fair,Q4,8.54,0.62,5.0,0,58.9
295,1039,W5,Packaging,23.76,92.18,1,314.8,completed,2025-09-19,314.8,2.53,Good,Q3,9.22,0.63,7.5,0,67.6
296,3804,W2,Packaging,20.5,95.62,1,428.3,pending,2025-10-04,,2.93,Good,Q3,9.56,0.73,7.5,5,61.5
297,3202,W4,Packing,18.09,96.0,1,244.5,completed,2024-08-14,244.5,3.32,Good,Q3,9.6,0.83,7.5,0,69.4
298,3345,W2,Packing,16.45,90.76,0,441.52,completed,2023-08-22,441.52,3.65,Fair,Q2,9.08,0.91,10.0,0,74.1
299,4014,W3,Sorting,19.76,85.15,0,370.0,completed,2024-05-21,370.0,3.04,Fair,Q2,8.52,0.76,10.0,0,71.7
300,1480,W3,Picking,17.66,92.12,2,381.62,completed,2024-04-30,381.62,3.4,Good,Q4,9.21,0.85,5.0,0,61.9
301,4299,W2,Sorting,17.73,85.6,0,694.3,cancelled,2023-05-02,,3.38,Fair,Q2,8.56,0.85,10.0,10,57.1
302,2198,W5,Sorting,16.96,84.81,1,832.47,completed,2024-08-15,832.47,3.54,Poor,Q3,8.48,0.88,7.5,0,65.6
303,2685,W5,Sorting,12.11,86.02,2,641.33,failed,2023-05-02,,4.95,Fair,Q4,8.6,1.24,5.0,10,45.7
304,2013,W3,Packaging,15.12,96.11,1,283.95,completed,2025-03-15,283.95,3.97,Good,Q3,9.61,0.99,7.5,0,69.9
305,1381,W4,Packaging,15.79,100.0,0,749.9,completed,2025-04-05,749.9,3.8,Excellent,Q2,10.0,0.95,10.0,0,77.4
306,3383,W5,Sorting,24.91,89.96,1,422.52,completed,2023-01-06,422.52,2.41,Fair,Q3,9.0,0.6,7.5,0,66.8
307,4378,W1,Packing,14.43,87.23,1,823.39,completed,2024-03-09,823.39,4.16,Fair,Q3,8.72,1.04,7.5,0,66.9
308,4491,W4,Sorting,13.37,92.64,2,124.05,completed,2025-09-20,124.05,4.49,Good,Q4,9.26,1.12,5.0,0,62.7
309,2869,W3,Picking,9.72,90.98,3,146.92,completed,2023-01-02,146.92,6.17,Fair,Q4,9.1,1.54,2.5,0,56.9
310,2122,W4,Packaging,17.58,100.0,0,267.06,failed,2023-07-11,,3.41,Excellent,Q2,10.0,0.85,10.0,10,62.1
311,4093,W3,Sorting,15.7,86.93,3,621.2,completed,2024-04-24,621.2,3.82,Fair,Q4,8.69,0.96,2.5,0,54.1
312,1926,W4,Picking,17.44,100.0,0,125.8,completed,2025-11-29,125.8,3.44,Excellent,Q2,10.0,0.86,10.0,0,77.2
313,1937,W4,Picking,13.79,99.89,1,413.88,completed,2025-02-23,413.88,4.35,Excellent,Q3,9.99,1.09,7.5,0,71.4
314,4331,W1,Picking,9.88,95.03,1,334.57,completed,2023-09-30,334.57,6.07,Good,Q3,9.5,1.52,7.5,0,70.8
315,1620,W2,Picking,26.04,93.11,0,539.45,completed,2025-04-23,539.45,2.3,Good,Q2,9.31,0.58,10.0,0,74.0
316,3414,W5,Packing,24.54,90.17,2,643.29,cancelled,2025-02-25,,2.44,Fair,Q4,9.02,0.61,5.0,10,45.6
317,3488,W3,Packing,20.77,96.18,2,516.01,completed,2024-08-06,516.01,2.89,Good,Q4,9.62,0.72,5.0,0,63.0
318,3646,W1,Sorting,22.01,90.78,0,342.11,completed,2023-04-22,342.11,2.73,Fair,Q2,9.08,0.68,10.0,0,73.5
319,2479,W2,Packing,21.0,95.79,4,25.08,completed,2024-10-10,25.08,2.86,Good,Q4,9.58,0.71,0,0,50.3
320,4124,W2,Packing,25.12,86.63,1,585.26,cancelled,2025-08-22,,2.39,Fair,Q3,8.66,0.6,7.5,10,50.6
321,2173,W1,Picking,19.27,97.54,3,347.31,completed,2025-10-23,347.31,3.11,Excellent,Q4,9.75,0.78,2.5,0,57.3
322,2136,W4,Packing,11.3,99.81,1,529.4,completed,2023-06-21,529.4,5.31,Excellent,Q3,9.98,1.33,7.5,0,72.0
323,4418,W3,Picking,19.03,100.0,0,544.64,completed,2023-05-16,544.64,3.15,Excellent,Q2,10.0,0.79,10.0,0,77.0
324,2779,W3,Packing,17.07,94.49,0,86.99,pending,2023-08-26,,3.51,Good,Q2,9.45,0.88,10.0,5,67.8
325,1671,W4,Picking,14.77,91.64,2,600.75,completed,2025-10-13,600.75,4.06,Fair,Q4,9.16,1.02,5.0,0,62.1
326,1483,W3,Sorting,24.75,96.77,3,239.42,completed,2023-03-02,239.42,2.42,Good,Q4,9.68,0.61,2.5,0,56.7
327,2475,W3,Packing,25.47,96.17,0,395.09,completed,2023-04-24,395.09,2.36,Good,Q2,9.62,0.59,10.0,0,75.1
328,3960,W4,Packaging,15.47,96.34,1,494.22,completed,2023-08-25,494.22,3.88,Good,Q3,9.63,0.97,7.5,0,69.9
329,1144,W2,Picking,21.24,90.53,0,140.32,completed,2026-02-06,140.32,2.82,Fair,Q2,9.05,0.71,10.0,0,73.5
330,1319,W4,Packaging,17.27,90.88,1,241.5,completed,2026-03-16,241.5,3.47,Fair,Q3,9.09,0.87,7.5,0,67.7
331,1282,W3,Picking,18.97,94.95,2,811.66,completed,2025-08-10,811.66,3.16,Good,Q4,9.5,0.79,5.0,0,62.7
332,3309,W3,Sorting,6.1,91.42,1,182.56,completed,2024-09-14,182.56,9.84,Fair,Q3,9.14,2.46,7.5,0,71.9
333,4114,W5,Packaging,16.11,86.96,1,766.87,completed,2024-05-17,766.87,3.72,Fair,Q3,8.7,0.93,7.5,0,66.5
334,3840,W2,Picking,15.54,97.74,1,546.01,failed,2023-01-20,,3.86,Excellent,Q3,9.77,0.97,7.5,10,55.4
335,2719,W3,Picking,10.57,100.0,0,835.9,pending,2025-10-04,,5.68,Excellent,Q2,10.0,1.42,10.0,5,71.1
336,3128,W1,Packaging,20.17,100.0,2,764.24,completed,2025-04-25,764.24,2.97,Excellent,Q4,10.0,0.74,5.0,0,64.4
337,3325,W3,Packing,20.13,94.61,2,77.48,failed,2023-05-08,,2.98,Good,Q4,9.46,0.75,5.0,10,47.5
338,3870,W4,Packaging,23.29,96.16,2,683.68,completed,2024-10-30,683.68,2.58,Good,Q4,9.62,0.64,5.0,0,62.8
339,1673,W3,Packing,21.2,94.92,1,144.77,completed,2025-07-09,144.77,2.83,Good,Q3,9.49,0.71,7.5,0,68.7
340,2262,W4,Sorting,11.69,83.62,0,188.38,completed,2025-08-06,188.38,5.13,Poor,Q2,8.36,1.28,10.0,0,72.5
341,2342,W3,Picking,17.91,93.21,0,194.54,completed,2023-10-31,194.54,3.35,Good,Q2,9.32,0.84,10.0,0,74.7
342,4359,W1,Packaging,10.47,94.49,1,264.53,failed,2023-12-23,,5.73,Good,Q3,9.45,1.43,7.5,10,55.4
343,1497,W1,Packing,11.67,92.86,1,677.83,cancelled,2023-01-25,,5.14,Good,Q3,9.29,1.29,7.5,10,54.5
344,3640,W1,Packaging,18.3,97.22,0,541.3,completed,2023-06-22,541.3,3.28,Excellent,Q2,9.72,0.82,10.0,0,76.1
345,1376,W5,Sorting,38.06,93.02,2,690.76,cancelled,2024-11-10,,1.58,Good,Q4,9.3,0.39,5.0,10,46.0
346,3967,W1,Picking,22.62,100.0,1,376.69,failed,2025-03-19,,2.65,Excellent,Q3,10.0,0.66,7.5,10,55.4
347,1608,W4,Picking,11.01,99.86,1,387.42,completed,2023-03-12,387.42,5.45,Excellent,Q3,9.99,1.36,7.5,0,72.1
348,1359,W5,Packaging,18.82,81.22,1,414.99,completed,2024-07-26,414.99,3.19,Poor,Q3,8.12,0.8,7.5,0,64.2
349,1079,W4,Packaging,10.82,90.82,0,468.95,completed,2025-02-22,468.95,5.55,Fair,Q2,9.08,1.39,10.0,0,75.3
350,2590,W3,Packing,34.22,84.91,1,434.5,completed,2024-07-07,434.5,1.75,Poor,Q3,8.49,0.44,7.5,0,64.6
351,3168,W2,Picking,20.86,100.0,1,842.93,completed,2025-01-02,842.93,2.88,Excellent,Q3,10.0,0.72,7.5,0,70.5
352,4343,W5,Packaging,19.29,94.23,2,237.55,failed,2023-04-25,,3.11,Good,Q4,9.42,0.78,5.0,10,47.4
353,3857,W2,Packing,25.74,83.56,2,688.19,completed,2025-01-04,688.19,2.33,Poor,Q4,8.36,0.58,5.0,0,58.2
354,1771,W5,Picking,25.79,88.21,2,133.66,completed,2025-10-05,133.66,2.33,Fair,Q4,8.82,0.58,5.0,0,59.8
355,2358,W5,Sorting,24.45,87.12,1,414.12,completed,2026-06-11,414.12,2.45,Fair,Q3,8.71,0.61,7.5,0,65.8
356,1243,W2,Packaging,19.4,94.17,3,739.96,completed,2023-02-14,739.96,3.09,Good,Q4,9.42,0.77,2.5,0,56.1
357,2620,W2,Packaging,25.66,84.47,2,801.51,pending,2026-04-15,,2.34,Poor,Q4,8.45,0.58,5.0,5,51.0
358,4243,W1,Sorting,17.61,94.33,1,807.16,completed,2025-09-24,807.16,3.41,Good,Q3,9.43,0.85,7.5,0,68.9
359,4336,W3,Packaging,7.89,91.41,0,570.72,completed,2023-12-26,570.72,7.6,Fair,Q2,9.14,1.9,10.0,0,76.7
360,3875,W4,Sorting,15.12,93.01,2,16.5,pending,2026-03-19,,3.97,Good,Q4,9.3,0.99,5.0,5,55.0
361,3032,W4,Picking,11.42,100.0,0,101.93,completed,2023-10-16,101.93,5.25,Excellent,Q2,10.0,1.31,10.0,0,78.3
362,1363,W3,Picking,11.8,98.81,0,754.24,completed,2024-11-18,754.24,5.08,Excellent,Q2,9.88,1.27,10.0,0,77.8
363,2580,W4,Picking,15.21,99.7,0,16.07,completed,2025-06-16,16.07,3.94,Excellent,Q2,9.97,0.99,10.0,0,77.4
364,1415,W4,Packaging,18.79,92.5,0,470.93,cancelled,2025-09-08,,3.19,Good,Q2,9.25,0.8,10.0,10,59.4
365,1303,W5,Packaging,29.65,92.96,1,809.64,completed,2024-12-01,809.64,2.02,Good,Q3,9.3,0.51,7.5,0,67.6
366,2384,W2,Packing,24.81,98.6,3,831.66,completed,2026-05-01,831.66,2.42,Excellent,Q4,9.86,0.6,2.5,0,57.3
367,2356,W5,Packing,14.99,91.04,0,59.72,completed,2024-02-25,59.72,4.0,Fair,Q2,9.1,1.0,10.0,0,74.3
368,2153,W2,Packing,17.27,88.97,0,236.5,completed,2024-09-01,236.5,3.47,Fair,Q2,8.9,0.87,10.0,0,73.3
369,2206,W2,Picking,10.19,89.46,2,372.05,completed,2026-05-14,372.05,5.89,Fair,Q4,8.95,1.47,5.0,0,62.5
370,2939,W4,Packaging,20.29,97.92,2,830.84,completed,2023-08-25,830.84,2.96,Excellent,Q4,9.79,0.74,5.0,0,63.6
371,2562,W3,Packing,21.3,91.77,0,324.8,completed,2025-01-26,324.8,2.82,Fair,Q2,9.18,0.7,10.0,0,73.9
372,3311,W2,Packing,16.75,87.19,2,713.96,completed,2023-05-07,713.96,3.58,Fair,Q4,8.72,0.9,5.0,0,60.3
373,4443,W2,Picking,15.33,96.95,3,477.26,completed,2025-03-03,477.26,3.91,Good,Q4,9.7,0.98,2.5,0,57.6
374,1965,W5,Packing,20.38,84.98,0,493.22,failed,2025-09-02,,2.94,Poor,Q2,8.5,0.74,10.0,10,56.6
375,3540,W3,Picking,17.21,95.56,0,492.19,completed,2023-10-29,492.19,3.49,Good,Q2,9.56,0.87,10.0,0,75.6
376,1516,W1,Packing,14.99,100.0,0,690.06,completed,2023-03-29,690.06,4.0,Excellent,Q2,10.0,1.0,10.0,0,77.5
377,3978,W4,Picking,2.0,100.0,0,230.34,failed,2023-05-18,,30.0,Excellent,Q2,10.0,7.5,10.0,10,78.8
378,1050,W1,Packing,10.81,87.13,0,448.94,completed,2026-06-30,448.94,5.55,Fair,Q2,8.71,1.39,10.0,0,74.0
379,1432,W5,Packing,25.41,92.78,0,98.67,completed,2026-02-26,98.67,2.36,Good,Q2,9.28,0.59,10.0,0,74.0
380,3682,W1,Sorting,12.38,98.78,0,235.55,cancelled,2025-09-21,,4.85,Excellent,Q2,9.88,1.21,10.0,10,62.6
381,2357,W5,Packing,21.16,90.8,0,47.38,completed,2024-05-01,47.38,2.84,Fair,Q2,9.08,0.71,10.0,0,73.6
382,2241,W1,Packing,12.75,95.25,0,697.52,cancelled,2024-09-28,,4.71,Good,Q2,9.53,1.18,10.0,10,61.3
383,4170,W3,Packing,12.87,83.86,1,636.01,cancelled,2024-10-19,,4.66,Poor,Q3,8.39,1.17,7.5,10,51.0
384,2667,W3,Packing,22.39,97.36,1,777.72,completed,2025-09-19,777.72,2.68,Excellent,Q3,9.74,0.67,7.5,0,69.5
385,4486,W5,Sorting,19.87,86.57,1,128.27,pending,2025-12-09,,3.02,Fair,Q3,8.66,0.75,7.5,5,58.4
386,1135,W5,Picking,25.31,93.2,0,63.12,completed,2025-07-23,63.12,2.37,Good,Q2,9.32,0.59,10.0,0,74.1
387,1125,W1,Sorting,17.4,100.0,0,118.43,completed,2024-05-10,118.43,3.45,Excellent,Q2,10.0,0.86,10.0,0,77.2
388,2432,W3,Packing,17.97,97.25,3,505.05,completed,2024-12-06,505.05,3.34,Excellent,Q4,9.72,0.83,2.5,0,57.3
389,1877,W2,Sorting,20.26,85.26,1,492.84,pending,2024-03-29,,2.96,Fair,Q3,8.53,0.74,7.5,5,58.0
390,4143,W2,Packaging,21.95,90.32,1,666.55,completed,2023-01-19,666.55,2.73,Fair,Q3,9.03,0.68,7.5,0,67.1
391,3905,W4,Packaging,15.88,96.09,0,270.06,completed,2024-07-17,270.06,3.78,Good,Q2,9.61,0.94,10.0,0,76.0
392,3132,W4,Packing,26.04,92.79,1,267.29,cancelled,2025-03-24,,2.3,Good,Q3,9.28,0.58,7.5,10,52.7
393,2157,W5,Picking,32.83,91.26,2,510.8,completed,2024-09-03,510.8,1.83,Fair,Q4,9.13,0.46,5.0,0,60.6
394,2069,W1,Packing,12.17,100.0,0,734.35,completed,2024-09-03,734.35,4.93,Excellent,Q2,10.0,1.23,10.0,0,78.1
395,2309,W2,Packaging,20.1,92.37,3,352.42,completed,2023-10-14,352.42,2.99,Good,Q4,9.24,0.75,2.5,0,55.5
396,1144,W1,Packing,10.48,94.35,2,339.21,failed,2026-04-09,,5.73,Good,Q4,9.43,1.43,5.0,10,49.1
397,2468,W5,Packaging,19.26,83.57,0,800.46,completed,2025-11-04,800.46,3.12,Poor,Q2,8.36,0.78,10.0,0,71.2
398,1524,W3,Packaging,13.26,96.4,0,96.5,cancelled,2024-06-13,,4.52,Good,Q2,9.64,1.13,10.0,10,61.6
399,2722,W5,Packaging,26.89,86.06,1,742.65,failed,2024-11-09,,2.23,Fair,Q3,8.61,0.56,7.5,10,50.3
400,3598,W3,Sorting,22.9,89.95,1,59.82,completed,2026-04-10,59.82,2.62,Fair,Q3,9.0,0.66,7.5,0,66.9
401,4498,W5,Picking,20.66,93.2,0,359.94,completed,2023-11-05,359.94,2.9,Good,Q2,9.32,0.73,10.0,0,74.4
402,1586,W2,Packaging,14.43,99.43,1,838.85,completed,2024-10-09,838.85,4.16,Excellent,Q3,9.94,1.04,7.5,0,71.1
403,4117,W2,Picking,16.68,90.97,1,243.4,completed,2023-12-12,243.4,3.6,Fair,Q3,9.1,0.9,7.5,0,67.8
404,3594,W5,Packaging,20.64,89.65,1,528.09,completed,2025-05-29,528.09,2.91,Fair,Q3,8.96,0.73,7.5,0,66.9
405,2319,W4,Packing,15.97,96.24,1,26.75,failed,2025-12-23,,3.76,Good,Q3,9.62,0.94,7.5,10,54.8
406,2410,W2,Picking,23.39,90.68,0,594.09,completed,2024-10-01,594.09,2.57,Fair,Q2,9.07,0.64,10.0,0,73.3
407,3981,W2,Picking,16.23,91.52,1,257.84,completed,2025-12-01,257.84,3.7,Fair,Q3,9.15,0.92,7.5,0,68.1
408,3007,W5,Sorting,19.04,85.97,1,846.78,completed,2025-01-05,846.78,3.15,Fair,Q3,8.6,0.79,7.5,0,65.8
409,4006,W2,Packaging,24.43,89.0,1,124.56,failed,2023-02-14,,2.46,Fair,Q3,8.9,0.61,7.5,10,51.4
410,3622,W5,Packaging,28.98,87.78,0,328.29,completed,2024-06-07,328.29,2.07,Fair,Q2,8.78,0.52,10.0,0,72.0
411,2819,W5,Picking,22.08,91.87,1,111.68,completed,2025-02-17,111.68,2.72,Fair,Q3,9.19,0.68,7.5,0,67.6
412,2233,W1,Sorting,17.45,96.33,3,541.31,completed,2025-05-11,541.31,3.44,Good,Q4,9.63,0.86,2.5,0,57.1
413,2157,W1,Sorting,17.21,88.83,2,530.78,completed,2023-08-22,530.78,3.49,Fair,Q4,8.88,0.87,5.0,0,60.8
414,1826,W1,Packing,14.04,95.57,2,451.83,completed,2025-01-03,451.83,4.27,Good,Q4,9.56,1.07,5.0,0,63.6
415,1052,W4,Sorting,7.72,91.08,0,210.81,completed,2023-07-02,210.81,7.77,Fair,Q2,9.11,1.94,10.0,0,76.7
416,1414,W1,Packing,12.3,98.64,1,619.18,completed,2024-06-08,619.18,4.88,Excellent,Q3,9.86,1.22,7.5,0,71.3
417,2190,W2,Packing,19.01,94.38,2,47.94,failed,2025-01-07,,3.16,Good,Q4,9.44,0.79,5.0,10,47.5
418,4489,W3,Packing,20.02,99.27,2,53.32,pending,2023-10-11,,3.0,Excellent,Q4,9.93,0.75,5.0,5,56.6
419,1749,W2,Sorting,15.35,90.43,2,695.5,completed,2023-08-22,695.5,3.91,Fair,Q4,9.04,0.98,5.0,0,61.6
420,4276,W4,Packing,15.47,94.96,2,725.31,failed,2025-05-13,,3.88,Good,Q4,9.5,0.97,5.0,10,48.2
421,2977,W2,Picking,16.71,81.62,1,775.87,completed,2026-03-11,775.87,3.59,Poor,Q3,8.16,0.9,7.5,0,64.6
422,4434,W4,Packaging,14.46,97.4,0,735.25,completed,2023-09-25,735.25,4.15,Excellent,Q2,9.74,1.04,10.0,0,76.7
423,3776,W4,Packing,15.7,96.15,0,603.31,completed,2025-12-10,603.31,3.82,Good,Q2,9.62,0.96,10.0,0,76.1
424,3869,W5,Packaging,25.33,87.75,0,451.79,failed,2026-06-20,,2.37,Fair,Q2,8.77,0.59,10.0,10,57.2
425,3286,W1,Packing,17.64,98.28,0,715.59,completed,2026-06-09,715.59,3.4,Excellent,Q2,9.83,0.85,10.0,0,76.5
426,1677,W1,Picking,11.39,100.0,2,726.31,completed,2023-06-03,726.31,5.27,Excellent,Q4,10.0,1.32,5.0,0,65.8
427,1962,W4,Sorting,19.78,93.46,1,351.74,completed,2023-06-11,351.74,3.03,Good,Q3,9.35,0.76,7.5,0,68.4
428,1486,W4,Packing,24.07,88.03,1,388.3,pending,2025-10-15,,2.49,Fair,Q3,8.8,0.62,7.5,5,58.6
429,3611,W1,Picking,21.95,98.43,1,819.25,completed,2024-09-15,819.25,2.73,Excellent,Q3,9.84,0.68,7.5,0,69.9
430,4344,W5,Packaging,13.13,85.99,2,704.13,completed,2024-04-01,704.13,4.57,Fair,Q4,8.6,1.14,5.0,0,60.5
431,4110,W4,Sorting,14.07,90.61,0,110.21,completed,2024-03-30,110.21,4.26,Fair,Q2,9.06,1.07,10.0,0,74.4
432,2531,W1,Sorting,12.18,88.01,0,472.32,completed,2023-08-06,472.32,4.93,Fair,Q2,8.8,1.23,10.0,0,73.9
433,1494,W1,Packaging,20.59,89.57,0,178.59,completed,2025-03-15,178.59,2.91,Fair,Q2,8.96,0.73,10.0,0,73.2
434,1190,W2,Packing,22.67,91.42,2,647.22,pending,2026-04-20,,2.65,Fair,Q4,9.14,0.66,5.0,5,53.6
435,3266,W1,Packing,12.59,92.08,1,629.74,completed,2025-06-05,629.74,4.77,Good,Q3,9.21,1.19,7.5,0,69.0
436,1711,W5,Packing,21.5,90.3,0,592.67,cancelled,2023-09-20,,2.79,Fair,Q2,9.03,0.7,10.0,10,58.4
437,3836,W1,Packing,14.14,92.42,2,523.51,completed,2024-05-23,523.51,4.24,Good,Q4,9.24,1.06,5.0,0,62.5
438,2690,W3,Packing,14.67,98.02,0,126.37,failed,2026-05-18,,4.09,Excellent,Q2,9.8,1.02,10.0,10,61.9
439,1858,W5,Sorting,18.65,85.77,2,196.48,cancelled,2024-08-18,,3.22,Fair,Q4,8.58,0.8,5.0,10,44.5
440,3843,W3,Packaging,11.27,88.68,0,435.75,failed,2024-10-22,,5.32,Fair,Q2,8.87,1.33,10.0,10,59.4
441,3186,W1,Sorting,8.43,88.04,0,761.38,completed,2024-08-08,761.38,7.12,Fair,Q2,8.8,1.78,10.0,0,75.2
442,1818,W4,Picking,7.95,100.0,0,574.66,completed,2024-06-30,574.66,7.55,Excellent,Q2,10.0,1.89,10.0,0,79.7
443,2469,W2,Sorting,22.88,89.44,2,466.88,completed,2025-07-15,466.88,2.62,Fair,Q4,8.94,0.66,5.0,0,60.4
444,4271,W1,Packaging,13.7,92.77,0,669.9,pending,2024-08-12,,4.38,Good,Q2,9.28,1.09,10.0,5,67.7
445,2029,W1,Packing,30.74,91.67,0,25.83,completed,2024-02-20,25.83,1.95,Fair,Q2,9.17,0.49,10.0,0,73.3
446,4092,W5,Packing,27.45,93.91,0,555.77,pending,2026-04-20,,2.19,Good,Q2,9.39,0.55,10.0,5,66.7
447,1711,W5,Packaging,25.07,88.76,2,171.13,pending,2025-11-18,,2.39,Fair,Q4,8.88,0.6,5.0,5,52.6
448,4465,W1,Packing,24.4,94.03,2,149.38,completed,2024-06-06,149.38,2.46,Good,Q4,9.4,0.61,5.0,0,61.9
449,3561,W1,Sorting,20.12,92.36,2,661.01,completed,2026-06-14,661.01,2.98,Good,Q4,9.24,0.75,5.0,0,61.7
450,3152,W3,Packing,15.28,92.22,1,605.91,pending,2024-03-26,,3.93,Good,Q3,9.22,0.98,7.5,5,61.0
451,3717,W2,Picking,22.17,97.02,0,752.64,pending,2024-11-10,,2.71,Excellent,Q2,9.7,0.68,10.0,5,68.1
452,3299,W3,Sorting,22.04,97.18,0,411.51,completed,2023-01-19,411.51,2.72,Excellent,Q2,9.72,0.68,10.0,0,75.7
453,2314,W1,Sorting,24.49,89.68,0,584.93,completed,2025-02-20,584.93,2.45,Fair,Q2,8.97,0.61,10.0,0,72.9
454,4155,W1,Packing,8.89,94.45,0,446.58,completed,2025-02-06,446.58,6.75,Good,Q2,9.45,1.69,10.0,0,77.3
455,4167,W5,Packing,19.51,94.16,1,95.12,completed,2026-01-06,95.12,3.08,Good,Q3,9.42,0.77,7.5,0,68.6
456,3807,W5,Picking,21.67,92.68,3,193.0,completed,2025-05-18,193.0,2.77,Good,Q4,9.27,0.69,2.5,0,55.4
457,4059,W1,Packaging,13.0,85.04,1,799.69,completed,2023-11-11,799.69,4.62,Fair,Q3,8.5,1.15,7.5,0,66.4
458,2031,W1,Packing,10.48,96.12,1,163.62,completed,2026-02-16,163.62,5.73,Good,Q3,9.61,1.43,7.5,0,71.0
459,1484,W1,Packaging,12.42,97.9,0,340.23,cancelled,2025-12-31,,4.83,Excellent,Q2,9.79,1.21,10.0,10,62.3
460,3059,W1,Picking,18.26,91.96,0,75.61,pending,2023-08-06,,3.29,Fair,Q2,9.2,0.82,10.0,5,66.8
461,1640,W3,Sorting,17.15,100.0,0,40.73,completed,2025-12-28,40.73,3.5,Excellent,Q2,10.0,0.87,10.0,0,77.2
462,3597,W2,Packaging,26.3,93.25,0,261.31,pending,2023-10-23,,2.28,Good,Q2,9.32,0.57,10.0,5,66.5
463,2614,W3,Sorting,29.57,92.47,1,493.22,failed,2026-01-05,,2.03,Good,Q3,9.25,0.51,7.5,10,52.4
464,2690,W5,Picking,20.93,91.21,0,302.12,completed,2025-11-15,302.12,2.87,Fair,Q2,9.12,0.72,10.0,0,73.7
465,1222,W2,Packaging,17.17,88.95,3,488.69,completed,2026-01-29,488.69,3.49,Fair,Q4,8.9,0.87,2.5,0,54.6
466,2995,W4,Picking,20.12,99.86,0,620.87,completed,2024-11-08,620.87,2.98,Excellent,Q2,9.99,0.75,10.0,0,76.8
467,2344,W3,Packaging,18.0,97.86,1,420.69,completed,2026-06-16,420.69,3.33,Excellent,Q3,9.79,0.83,7.5,0,70.1
468,1019,W3,Packaging,18.99,92.3,1,372.64,completed,2024-10-03,372.64,3.16,Good,Q3,9.23,0.79,7.5,0,68.0
469,2965,W2,Packaging,17.45,88.51,0,291.86,completed,2025-08-05,291.86,3.44,Fair,Q2,8.85,0.86,10.0,0,73.1
470,1335,W4,Sorting,24.03,91.79,1,554.04,pending,2024-07-28,,2.5,Fair,Q3,9.18,0.62,7.5,5,59.9
471,1127,W2,Packaging,21.51,89.96,1,438.49,completed,2026-04-06,438.49,2.79,Fair,Q3,9.0,0.7,7.5,0,67.0
472,3210,W5,Packing,22.04,88.85,2,232.61,pending,2025-08-24,,2.72,Fair,Q4,8.88,0.68,5.0,5,52.8
473,1370,W2,Sorting,26.98,84.93,2,433.44,completed,2025-03-23,433.44,2.22,Poor,Q4,8.49,0.56,5.0,0,58.6
474,1679,W3,Picking,14.3,100.0,0,527.72,completed,2025-11-18,527.72,4.2,Excellent,Q2,10.0,1.05,10.0,0,77.6
475,2469,W2,Packing,14.69,88.01,2,626.22,completed,2023-03-24,626.22,4.08,Fair,Q4,8.8,1.02,5.0,0,60.9
476,3121,W2,Packing,18.58,89.84,2,573.27,completed,2025-01-09,573.27,3.23,Fair,Q4,8.98,0.81,5.0,0,61.0
477,3595,W4,Packing,18.05,94.73,0,823.65,cancelled,2024-07-14,,3.32,Good,Q2,9.47,0.83,10.0,10,60.2
478,1318,W3,Packaging,15.72,90.75,2,765.02,completed,2025-11-24,765.02,3.82,Fair,Q4,9.07,0.95,5.0,0,61.6
479,3474,W3,Packing,19.06,97.72,1,676.87,failed,2023-01-14,,3.15,Excellent,Q3,9.77,0.79,7.5,10,54.9
480,1615,W5,Packaging,16.8,90.1,3,249.48,completed,2024-01-18,249.48,3.57,Fair,Q4,9.01,0.89,2.5,0,55.0
481,3765,W2,Sorting,24.8,82.93,0,109.64,completed,2025-09-07,109.64,2.42,Poor,Q2,8.29,0.6,10.0,0,70.5
482,1523,W4,Packaging,18.69,93.92,0,218.46,completed,2026-03-20,218.46,3.21,Good,Q2,9.39,0.8,10.0,0,74.9
483,3116,W5,Packaging,10.51,88.83,2,785.24,completed,2025-04-10,785.24,5.71,Fair,Q4,8.88,1.43,5.0,0,62.2
484,1887,W5,Picking,22.2,90.28,0,805.96,cancelled,2025-07-08,,2.7,Fair,Q2,9.03,0.68,10.0,10,58.3
485,1744,W5,Packing,26.11,95.22,0,700.08,cancelled,2026-06-30,,2.3,Good,Q2,9.52,0.57,10.0,10,59.7
486,1281,W5,Sorting,17.53,83.24,0,513.11,completed,2024-04-15,513.11,3.42,Poor,Q2,8.32,0.86,10.0,0,71.3
487,3480,W4,Packing,23.05,96.01,2,705.14,completed,2023-07-17,705.14,2.6,Good,Q4,9.6,0.65,5.0,0,62.7
488,4081,W2,Packing,16.5,83.46,0,458.74,cancelled,2023-08-29,,3.64,Poor,Q2,8.35,0.91,10.0,10,56.5
489,2767,W1,Packing,22.68,91.72,4,581.6,completed,2025-12-05,581.6,2.65,Fair,Q4,9.17,0.66,0,0,48.7
490,2974,W4,Sorting,18.29,92.33,0,798.58,cancelled,2025-02-19,,3.28,Good,Q2,9.23,0.82,10.0,10,59.4
491,3227,W3,Picking,16.16,100.0,1,514.57,completed,2025-04-16,514.57,3.71,Excellent,Q3,10.0,0.93,7.5,0,71.1
492,3128,W3,Packaging,16.48,94.58,0,451.32,completed,2023-01-15,451.32,3.64,Good,Q2,9.46,0.91,10.0,0,75.4
493,3195,W4,Packaging,14.49,99.87,1,226.78,completed,2025-05-17,226.78,4.14,Excellent,Q3,9.99,1.04,7.5,0,71.3
494,3261,W5,Sorting,28.8,90.82,2,185.08,completed,2026-02-15,185.08,2.08,Fair,Q4,9.08,0.52,5.0,0,60.6
495,4013,W4,Packaging,12.8,95.36,0,604.09,completed,2023-10-10,604.09,4.69,Good,Q2,9.54,1.17,10.0,0,76.3
496,2640,W1,Packaging,21.31,94.76,0,194.07,completed,2024-11-24,194.07,2.82,Good,Q2,9.48,0.7,10.0,0,74.9
497,2783,W5,Picking,20.3,91.21,2,788.09,completed,2023-06-30,788.09,2.96,Fair,Q4,9.12,0.74,5.0,0,61.3
498,2641,W1,Sorting,20.32,93.77,1,335.91,completed,2026-06-11,335.91,2.95,Good,Q3,9.38,0.74,7.5,0,68.4
499,1826,W5,Sorting,12.92,81.25,2,381.54,completed,2025-11-27,381.54,4.64,Poor,Q4,8.12,1.16,5.0,0,58.8
500,1694,W3,Packaging,11.13,90.69,0,208.45,completed,2023-03-15,208.45,5.39,Fair,Q2,9.07,1.35,10.0,0,75.1
501,2660,W3,Packaging,19.71,94.34,0,574.17,completed,2026-04-15,574.17,3.04,Good,Q2,9.43,0.76,10.0,0,74.9
502,4398,W2,Picking,23.78,94.38,1,252.55,pending,2026-02-19,,2.52,Good,Q3,9.44,0.63,7.5,5,60.9
503,1019,W5,Sorting,24.23,84.17,3,352.3,completed,2024-06-18,352.3,2.48,Poor,Q4,8.42,0.62,2.5,0,52.3
504,1479,W2,Packing,19.33,85.69,1,298.87,completed,2025-11-17,298.87,3.1,Fair,Q3,8.57,0.78,7.5,0,65.7
505,2879,W3,Sorting,25.69,90.81,1,817.63,completed,2025-08-01,817.63,2.34,Fair,Q3,9.08,0.58,7.5,0,67.0
506,1902,W5,Picking,11.45,91.11,2,673.53,completed,2024-04-15,673.53,5.24,Fair,Q4,9.11,1.31,5.0,0,62.7
507,3759,W3,Packing,17.5,93.64,1,92.66,failed,2024-12-01,,3.43,Good,Q3,9.36,0.86,7.5,10,53.7
508,4056,W1,Packaging,13.72,90.36,3,239.68,completed,2024-01-25,239.68,4.37,Fair,Q4,9.04,1.09,2.5,0,55.6
509,2458,W4,Packaging,16.6,99.54,1,713.34,completed,2023-11-16,713.34,3.61,Excellent,Q3,9.95,0.9,7.5,0,70.8
510,4130,W1,Picking,25.21,94.65,0,527.55,cancelled,2026-01-13,,2.38,Good,Q2,9.46,0.6,10.0,10,59.6
511,1749,W1,Packing,13.33,100.0,2,244.4,completed,2025-11-12,244.4,4.5,Excellent,Q4,10.0,1.13,5.0,0,65.3
512,2959,W3,Packing,13.76,92.52,1,682.39,completed,2026-01-12,682.39,4.36,Good,Q3,9.25,1.09,7.5,0,68.8
513,3823,W1,Sorting,17.59,90.52,3,399.16,completed,2023-01-18,399.16,3.41,Fair,Q4,9.05,0.85,2.5,0,55.0
514,1766,W1,Packaging,15.86,98.56,1,734.64,completed,2026-01-28,734.64,3.78,Excellent,Q3,9.86,0.95,7.5,0,70.6
515,4080,W3,Packaging,22.03,93.66,1,364.94,completed,2025-02-01,364.94,2.72,Good,Q3,9.37,0.68,7.5,0,68.2
516,1936,W3,Packing,23.01,94.6,1,495.87,completed,2023-07-24,495.87,2.61,Good,Q3,9.46,0.65,7.5,0,68.5
517,1039,W3,Packaging,19.65,92.53,1,409.94,completed,2023-12-28,409.94,3.05,Good,Q3,9.25,0.76,7.5,0,68.0
518,2293,W4,Packing,9.21,99.92,0,460.88,completed,2025-09-23,460.88,6.51,Excellent,Q2,9.99,1.63,10.0,0,79.0
519,2951,W3,Sorting,14.81,90.23,1,694.54,completed,2023-07-17,694.54,4.05,Fair,Q3,9.02,1.01,7.5,0,67.8
520,2409,W4,Sorting,16.56,90.44,2,691.36,completed,2023-02-10,691.36,3.62,Fair,Q4,9.04,0.91,5.0,0,61.4
521,4196,W4,Picking,12.28,93.27,0,464.6,completed,2024-08-05,464.6,4.89,Good,Q2,9.33,1.22,10.0,0,75.7
522,2560,W3,Sorting,16.04,85.39,1,757.84,completed,2026-06-10,757.84,3.74,Fair,Q3,8.54,0.94,7.5,0,66.0
523,3341,W3,Packing,20.06,95.61,1,542.11,completed,2025-04-08,542.11,2.99,Good,Q3,9.56,0.75,7.5,0,69.1
524,2095,W1,Picking,11.56,97.78,1,258.28,completed,2026-05-24,258.28,5.19,Excellent,Q3,9.78,1.3,7.5,0,71.2
525,1685,W4,Sorting,20.49,84.42,1,390.99,cancelled,2024-01-12,,2.93,Poor,Q3,8.44,0.73,7.5,10,50.1
526,1327,W1,Packaging,10.93,90.51,0,600.08,pending,2024-03-07,,5.49,Fair,Q2,9.05,1.37,10.0,5,67.6
527,4133,W2,Packing,30.06,93.31,1,346.51,completed,2023-06-20,346.51,2.0,Good,Q3,9.33,0.5,7.5,0,67.7
528,1939,W1,Sorting,18.45,100.0,2,340.52,completed,2024-05-21,340.52,3.25,Excellent,Q4,10.0,0.81,5.0,0,64.5
529,2332,W3,Packing,24.68,99.31,3,733.41,completed,2025-09-02,733.41,2.43,Excellent,Q4,9.93,0.61,2.5,0,57.5
530,3420,W4,Sorting,19.52,100.0,3,465.31,completed,2026-05-08,465.31,3.07,Excellent,Q4,10.0,0.77,2.5,0,58.2
531,2809,W4,Packing,14.25,92.85,0,686.93,completed,2024-09-22,686.93,4.21,Good,Q2,9.29,1.05,10.0,0,75.1
532,4473,W3,Packing,23.3,93.68,1,695.84,completed,2023-10-07,695.84,2.58,Good,Q3,9.37,0.64,7.5,0,68.1
533,2763,W3,Sorting,30.68,92.37,2,22.63,completed,2024-08-22,22.63,1.96,Good,Q4,9.24,0.49,5.0,0,61.1
534,2790,W5,Packaging,19.14,87.03,1,751.61,pending,2025-03-19,,3.13,Fair,Q3,8.7,0.78,7.5,5,58.6
535,3116,W2,Packaging,14.29,85.04,1,537.14,completed,2026-06-09,537.14,4.2,Fair,Q3,8.5,1.05,7.5,0,66.1
536,1280,W3,Sorting,21.4,88.8,1,171.98,completed,2024-01-09,171.98,2.8,Fair,Q3,8.88,0.7,7.5,0,66.6
537,1623,W2,Sorting,16.52,89.52,1,282.74,completed,2023-04-12,282.74,3.63,Fair,Q3,8.95,0.91,7.5,0,67.3
538,3978,W5,Picking,14.26,93.84,2,612.19,completed,2023-01-17,612.19,4.21,Good,Q4,9.38,1.05,5.0,0,63.0
539,2899,W2,Picking,14.23,92.95,0,848.3,completed,2023-03-06,848.3,4.22,Good,Q2,9.29,1.05,10.0,0,75.1
540,1292,W3,Picking,24.7,97.7,0,662.67,cancelled,2026-01-17,,2.43,Excellent,Q2,9.77,0.61,10.0,10,60.7
541,2019,W4,Packaging,21.41,90.21,1,656.4,completed,2025-02-27,656.4,2.8,Fair,Q3,9.02,0.7,7.5,0,67.1
542,3134,W4,Packaging,14.15,100.0,1,658.78,pending,2024-03-02,,4.24,Excellent,Q3,10.0,1.06,7.5,5,63.9
543,3133,W4,Packing,15.32,98.77,0,797.75,completed,2023-09-08,797.75,3.92,Excellent,Q2,9.88,0.98,10.0,0,77.0
544,1892,W3,Packing,17.14,96.35,3,736.15,completed,2023-08-20,736.15,3.5,Good,Q4,9.63,0.88,2.5,0,57.2
545,1172,W2,Packing,22.59,92.89,3,22.46,completed,2026-04-05,22.46,2.66,Good,Q4,9.29,0.66,2.5,0,55.4
546,3533,W4,Packaging,22.42,98.38,1,91.32,completed,2024-11-24,91.32,2.68,Excellent,Q3,9.84,0.67,7.5,0,69.9
547,3287,W1,Picking,19.32,100.0,1,279.48,completed,2024-12-12,279.48,3.11,Excellent,Q3,10.0,0.78,7.5,0,70.7
548,1161,W4,Packaging,20.01,91.78,2,224.33,completed,2025-09-20,224.33,3.0,Fair,Q4,9.18,0.75,5.0,0,61.5
549,4405,W4,Sorting,11.75,94.02,0,406.11,completed,2026-05-11,406.11,5.11,Good,Q2,9.4,1.28,10.0,0,76.1
550,2503,W5,Packaging,19.8,91.38,2,234.9,completed,2025-07-18,234.9,3.03,Fair,Q4,9.14,0.76,5.0,0,61.4
551,1259,W1,Packing,22.76,90.87,0,282.78,pending,2026-01-08,,2.64,Fair,Q2,9.09,0.66,10.0,5,66.0
552,2321,W4,Packaging,21.65,91.34,0,526.89,completed,2025-04-19,526.89,2.77,Fair,Q2,9.13,0.69,10.0,0,73.7
553,1438,W3,Picking,15.59,95.39,1,41.11,completed,2025-09-21,41.11,3.85,Good,Q3,9.54,0.96,7.5,0,69.5
554,3555,W2,Picking,17.61,90.3,0,424.07,completed,2026-04-23,424.07,3.41,Fair,Q2,9.03,0.85,10.0,0,73.7
555,4408,W3,Picking,14.89,95.45,1,425.32,completed,2023-06-13,425.32,4.03,Good,Q3,9.54,1.01,7.5,0,69.7
556,4253,W4,Picking,13.75,97.86,0,701.39,completed,2023-04-30,701.39,4.36,Excellent,Q2,9.79,1.09,10.0,0,77.0
557,1414,W5,Sorting,21.87,79.25,2,448.77,completed,2024-04-18,448.77,2.74,Poor,Q4,7.92,0.69,5.0,0,56.9
558,1732,W5,Packing,23.24,85.62,1,537.15,completed,2026-02-17,537.15,2.58,Fair,Q3,8.56,0.65,7.5,0,65.3
559,1426,W5,Packing,22.27,83.38,0,371.61,pending,2023-12-08,,2.69,Poor,Q2,8.34,0.67,10.0,5,63.4
560,2443,W2,Packing,13.67,87.39,0,515.93,completed,2024-10-07,515.93,4.39,Fair,Q2,8.74,1.1,10.0,0,73.3
561,3234,W5,Sorting,16.77,89.76,2,216.0,cancelled,2024-03-14,,3.58,Fair,Q4,8.98,0.89,5.0,10,46.2
562,1141,W4,Sorting,14.28,84.01,2,15.16,completed,2024-08-05,15.16,4.2,Poor,Q4,8.4,1.05,5.0,0,59.5
563,1088,W5,Picking,24.03,91.16,1,729.53,completed,2024-07-19,729.53,2.5,Fair,Q3,9.12,0.62,7.5,0,67.2
564,3384,W5,Packaging,24.37,87.24,1,236.27,completed,2024-05-26,236.27,2.46,Fair,Q3,8.72,0.62,7.5,0,65.8
565,4247,W2,Sorting,26.03,90.51,3,619.19,pending,2025-09-15,,2.31,Fair,Q4,9.05,0.58,2.5,5,46.9
566,3438,W2,Packing,16.58,88.16,0,772.89,pending,2024-09-07,,3.62,Fair,Q2,8.82,0.9,10.0,5,65.6
567,1493,W1,Packing,25.66,96.96,0,362.8,completed,2024-04-09,362.8,2.34,Good,Q2,9.7,0.58,10.0,0,75.4
568,2307,W5,Picking,27.33,90.4,1,452.86,completed,2026-01-10,452.86,2.2,Fair,Q3,9.04,0.55,7.5,0,66.8
569,4083,W5,Packaging,20.07,87.32,0,825.82,completed,2026-05-03,825.82,2.99,Fair,Q2,8.73,0.75,10.0,0,72.4
570,1338,W5,Picking,4.51,90.31,2,125.38,completed,2025-09-01,125.38,13.3,Fair,Q4,9.03,3.33,5.0,0,67.4
571,2969,W5,Picking,19.4,95.32,0,651.3,completed,2026-02-19,651.3,3.09,Good,Q2,9.53,0.77,10.0,0,75.3
572,3147,W2,Packing,23.7,85.47,0,847.56,completed,2024-05-19,847.56,2.53,Fair,Q2,8.55,0.63,10.0,0,71.5
573,2496,W2,Picking,11.92,95.39,0,360.34,completed,2024-12-14,360.34,5.03,Good,Q2,9.54,1.26,10.0,0,76.5
574,2432,W2,Sorting,20.68,84.46,0,156.33,completed,2026-06-16,156.33,2.9,Poor,Q2,8.45,0.73,10.0,0,71.4
575,1351,W4,Packaging,19.64,95.06,0,623.29,completed,2023-08-19,623.29,3.05,Good,Q2,9.51,0.76,10.0,0,75.2
576,1056,W1,Packaging,14.32,100.0,0,699.81,failed,2024-12-04,,4.19,Excellent,Q2,10.0,1.05,10.0,10,62.6
577,2059,W1,Sorting,22.19,93.19,0,451.93,completed,2026-01-28,451.93,2.7,Good,Q2,9.32,0.68,10.0,0,74.3
578,3157,W4,Packaging,15.6,94.49,0,771.54,completed,2023-03-31,771.54,3.85,Good,Q2,9.45,0.96,10.0,0,75.5
579,1272,W3,Packaging,19.95,100.0,0,804.22,completed,2025-03-06,804.22,3.01,Excellent,Q2,10.0,0.75,10.0,0,76.9
580,1946,W3,Sorting,24.94,99.88,1,557.26,cancelled,2025-02-18,,2.41,Excellent,Q3,9.99,0.6,7.5,10,55.2
581,3296,W5,Picking,13.09,91.82,2,822.27,cancelled,2023-02-14,,4.58,Fair,Q4,9.18,1.15,5.0,10,47.5
582,1075,W1,Packaging,18.75,93.93,2,636.57,cancelled,2024-12-11,,3.2,Good,Q4,9.39,0.8,5.0,10,47.4
583,2585,W3,Sorting,20.6,100.0,0,537.54,completed,2023-03-02,537.54,2.91,Excellent,Q2,10.0,0.73,10.0,0,76.8
584,3989,W5,Sorting,22.73,84.62,3,129.61,completed,2025-02-21,129.61,2.64,Poor,Q4,8.46,0.66,2.5,0,52.5
585,1539,W5,Packaging,16.27,87.63,1,390.06,completed,2024-02-28,390.06,3.69,Fair,Q3,8.76,0.92,7.5,0,66.7
586,1553,W2,Packaging,26.3,88.74,3,452.38,cancelled,2025-05-30,,2.28,Fair,Q4,8.87,0.57,2.5,10,38.7
587,3978,W2,Packaging,8.6,87.56,2,749.5,completed,2023-03-02,749.5,6.98,Fair,Q4,8.76,1.74,5.0,0,62.5
588,3608,W3,Packing,21.16,91.52,3,701.12,failed,2024-07-14,,2.84,Fair,Q4,9.15,0.71,2.5,10,40.0
589,1945,W2,Packaging,23.38,97.22,0,488.48,completed,2026-05-06,488.48,2.57,Excellent,Q2,9.72,0.64,10.0,0,75.6
590,3057,W2,Packaging,17.45,87.13,3,412.96,completed,2026-05-23,412.96,3.44,Fair,Q4,8.71,0.86,2.5,0,53.9
591,1061,W4,Sorting,13.89,96.64,1,356.17,completed,2024-07-06,356.17,4.32,Good,Q3,9.66,1.08,7.5,0,70.3
592,2799,W4,Packaging,19.47,100.0,0,70.22,pending,2026-06-17,,3.08,Excellent,Q2,10.0,0.77,10.0,5,69.4
593,3949,W4,Sorting,22.22,90.96,1,703.31,cancelled,2024-10-02,,2.7,Fair,Q3,9.1,0.68,7.5,10,52.3
594,2006,W4,Picking,8.45,91.05,1,50.42,completed,2025-11-28,50.42,7.1,Fair,Q3,9.11,1.78,7.5,0,70.1
595,2800,W5,Packing,26.4,89.57,2,173.53,failed,2025-03-26,,2.27,Fair,Q4,8.96,0.57,5.0,10,45.3
596,3117,W3,Sorting,6.64,87.03,2,60.55,completed,2023-10-19,60.55,9.04,Fair,Q4,8.7,2.26,5.0,0,63.6
597,2610,W4,Packing,13.85,95.49,0,471.25,completed,2025-04-26,471.25,4.33,Good,Q2,9.55,1.08,10.0,0,76.1
598,2862,W3,Packing,12.78,85.54,2,762.99,completed,2023-07-04,762.99,4.69,Fair,Q4,8.55,1.17,5.0,0,60.4
599,2840,W3,Sorting,26.85,87.97,1,110.33,completed,2025-01-13,110.33,2.23,Fair,Q3,8.8,0.56,7.5,0,66.0
600,3254,W1,Packing,15.08,100.0,0,148.52,pending,2025-02-18,,3.98,Excellent,Q2,10.0,0.99,10.0,5,70.0
601,3916,W1,Packaging,10.27,93.15,2,164.35,cancelled,2023-04-16,,5.84,Good,Q4,9.32,1.46,5.0,10,48.8
602,1481,W4,Sorting,26.36,94.21,0,538.09,completed,2023-09-27,538.09,2.28,Good,Q2,9.42,0.57,10.0,0,74.4
603,3021,W2,Picking,18.69,97.23,2,19.8,completed,2024-05-02,19.8,3.21,Excellent,Q4,9.72,0.8,5.0,0,63.5
604,3241,W2,Packing,15.66,85.03,2,20.49,completed,2024-07-23,20.49,3.83,Fair,Q4,8.5,0.96,5.0,0,59.6
605,4432,W5,Packaging,25.34,94.17,4,571.94,completed,2026-05-20,571.94,2.37,Good,Q4,9.42,0.59,0,0,49.4
606,3752,W3,Sorting,21.64,95.86,1,163.84,cancelled,2024-08-05,,2.77,Good,Q3,9.59,0.69,7.5,10,54.0
607,2552,W5,Packaging,20.98,85.72,3,284.56,failed,2023-05-19,,2.86,Fair,Q4,8.57,0.71,2.5,10,38.0
608,3158,W4,Picking,17.11,100.0,2,244.14,completed,2025-04-27,244.14,3.51,Excellent,Q4,10.0,0.88,5.0,0,64.7
609,2981,W5,Packaging,19.17,88.25,1,839.3,completed,2026-05-23,839.3,3.13,Fair,Q3,8.82,0.78,7.5,0,66.6
610,2449,W3,Packing,11.22,91.72,2,845.85,completed,2023-09-23,845.85,5.35,Fair,Q4,9.17,1.34,5.0,0,62.9
611,1792,W5,Packing,17.66,85.17,2,606.67,completed,2023-01-04,606.67,3.4,Fair,Q4,8.52,0.85,5.0,0,59.4
612,3520,W1,Picking,22.0,99.19,0,188.12,completed,2025-04-29,188.12,2.73,Excellent,Q2,9.92,0.68,10.0,0,76.4
613,4236,W4,Picking,8.58,96.09,1,250.16,completed,2023-05-19,250.16,6.99,Good,Q3,9.61,1.75,7.5,0,71.8
614,2398,W3,Sorting,19.64,91.7,1,587.67,completed,2025-03-22,587.67,3.05,Fair,Q3,9.17,0.76,7.5,0,67.7
615,1145,W5,Picking,23.06,98.41,2,411.21,pending,2023-10-06,,2.6,Excellent,Q4,9.84,0.65,5.0,5,56.1
616,4211,W4,Packaging,13.72,100.0,0,294.82,completed,2025-04-27,294.82,4.37,Excellent,Q2,10.0,1.09,10.0,0,77.7
617,4259,W1,Sorting,16.03,88.22,3,291.99,completed,2024-12-25,291.99,3.74,Fair,Q4,8.82,0.94,2.5,0,54.5
618,4450,W1,Packaging,17.77,100.0,1,538.14,completed,2023-12-06,538.14,3.38,Excellent,Q3,10.0,0.84,7.5,0,70.8
619,2112,W5,Packing,28.08,93.28,1,607.72,completed,2025-04-27,607.72,2.14,Good,Q3,9.33,0.53,7.5,0,67.7
620,3150,W1,Packing,26.82,89.4,2,267.69,cancelled,2024-09-11,,2.24,Fair,Q4,8.94,0.56,5.0,10,45.2
621,3048,W2,Picking,22.07,93.43,2,682.19,completed,2023-11-12,682.19,2.72,Good,Q4,9.34,0.68,5.0,0,61.9
622,1586,W2,Sorting,25.06,87.76,0,662.57,cancelled,2023-07-21,,2.39,Fair,Q2,8.78,0.6,10.0,10,57.2
623,1180,W5,Packaging,25.82,90.4,2,274.67,completed,2026-05-02,274.67,2.32,Fair,Q4,9.04,0.58,5.0,0,60.6
624,2279,W1,Sorting,16.94,97.45,1,565.25,completed,2023-02-16,565.25,3.54,Excellent,Q3,9.75,0.89,7.5,0,70.1
625,3748,W5,Sorting,23.64,89.39,1,660.28,completed,2023-08-29,660.28,2.54,Fair,Q3,8.94,0.63,7.5,0,66.6
626,1419,W3,Packaging,23.6,100.0,3,482.29,completed,2024-02-28,482.29,2.54,Excellent,Q4,10.0,0.64,2.5,0,57.9
627,2275,W5,Sorting,21.22,96.3,2,158.01,completed,2026-06-09,158.01,2.83,Good,Q4,9.63,0.71,5.0,0,63.0
628,2571,W3,Packing,12.04,100.0,1,57.13,completed,2023-04-21,57.13,4.98,Excellent,Q3,10.0,1.25,7.5,0,71.9
629,2456,W1,Packing,14.64,86.51,0,387.27,completed,2024-10-01,387.27,4.1,Fair,Q2,8.65,1.02,10.0,0,72.8
630,4095,W3,Packaging,12.04,92.24,0,828.02,completed,2025-08-11,828.02,4.98,Good,Q2,9.22,1.25,10.0,0,75.4
631,4139,W5,Packaging,23.5,83.64,2,553.09,completed,2025-08-11,553.09,2.55,Poor,Q4,8.36,0.64,5.0,0,58.4
632,2488,W4,Packaging,18.87,100.0,3,230.47,failed,2025-03-13,,3.18,Excellent,Q4,10.0,0.79,2.5,10,43.2
633,2889,W2,Sorting,25.86,85.34,3,308.45,pending,2023-12-16,,2.32,Fair,Q4,8.53,0.58,2.5,5,45.1
634,4263,W3,Sorting,20.47,93.2,1,697.66,completed,2023-08-08,697.66,2.93,Good,Q3,9.32,0.73,7.5,0,68.2
635,2975,W3,Picking,11.45,95.57,0,472.54,pending,2025-02-25,,5.24,Good,Q2,9.56,1.31,10.0,5,69.2
636,3323,W1,Sorting,22.4,91.34,0,833.47,completed,2024-12-01,833.47,2.68,Fair,Q2,9.13,0.67,10.0,0,73.6
637,3441,W5,Packaging,17.03,83.76,1,110.46,completed,2025-08-06,110.46,3.52,Poor,Q3,8.38,0.88,7.5,0,65.3
638,1445,W3,Picking,7.15,100.0,3,73.12,pending,2026-05-06,,8.39,Excellent,Q4,10.0,2.1,2.5,5,54.0
639,3605,W4,Sorting,17.03,92.23,2,769.22,completed,2023-01-01,769.22,3.52,Good,Q4,9.22,0.88,5.0,0,62.0
640,1842,W2,Packaging,10.47,89.57,3,388.38,completed,2024-10-10,388.38,5.73,Fair,Q4,8.96,1.43,2.5,0,56.2
641,3504,W3,Sorting,26.73,89.43,4,501.58,cancelled,2025-11-11,,2.24,Fair,Q4,8.94,0.56,0,10,32.7
642,1003,W4,Packaging,8.66,100.0,1,823.2,cancelled,2026-02-20,,6.93,Excellent,Q3,10.0,1.73,7.5,10,58.1
643,2567,W3,Picking,18.83,94.21,0,280.64,cancelled,2025-04-11,,3.19,Good,Q2,9.42,0.8,10.0,10,60.0
644,2575,W4,Packing,12.22,93.13,0,172.17,completed,2025-01-07,172.17,4.91,Good,Q2,9.31,1.23,10.0,0,75.7
645,2993,W4,Packaging,18.21,94.91,2,135.24,completed,2025-06-13,135.24,3.29,Good,Q4,9.49,0.82,5.0,0,62.8
646,3848,W2,Picking,19.33,95.53,0,761.14,completed,2026-05-22,761.14,3.1,Good,Q2,9.55,0.78,10.0,0,75.4
647,1030,W4,Packaging,8.17,99.8,0,369.68,completed,2026-03-29,369.68,7.34,Excellent,Q2,9.98,1.84,10.0,0,79.5
648,1137,W4,Packaging,18.77,95.3,3,496.25,completed,2023-03-19,496.25,3.2,Good,Q4,9.53,0.8,2.5,0,56.6
649,4074,W5,Packing,25.94,91.59,1,625.63,completed,2024-07-26,625.63,2.31,Fair,Q3,9.16,0.58,7.5,0,67.3
650,3718,W4,Picking,12.62,95.89,0,541.6,completed,2023-06-09,541.6,4.75,Good,Q2,9.59,1.19,10.0,0,76.5
651,3350,W5,Sorting,27.89,83.98,3,771.56,completed,2024-11-09,771.56,2.15,Poor,Q4,8.4,0.54,2.5,0,52.0
652,3447,W4,Sorting,18.57,94.69,0,44.5,failed,2024-09-14,,3.23,Good,Q2,9.47,0.81,10.0,10,60.2
653,3557,W5,Sorting,19.8,87.21,5,690.43,completed,2023-02-25,690.43,3.03,Fair,Q4,8.72,0.76,0,0,47.4
654,1542,W3,Packing,23.06,85.89,1,247.0,completed,2026-06-15,247.0,2.6,Fair,Q3,8.59,0.65,7.5,0,65.4
655,2829,W3,Sorting,21.82,92.07,2,141.2,cancelled,2025-01-27,,2.75,Good,Q4,9.21,0.69,5.0,10,46.5
656,1135,W2,Sorting,27.76,88.52,2,455.37,pending,2024-12-03,,2.16,Fair,Q4,8.85,0.54,5.0,5,52.3
657,3706,W1,Packaging,21.15,88.63,1,334.94,completed,2025-06-20,334.94,2.84,Fair,Q3,8.86,0.71,7.5,0,66.5
658,4356,W2,Packaging,14.84,91.73,1,235.77,completed,2023-08-26,235.77,4.04,Fair,Q3,9.17,1.01,7.5,0,68.4
659,3799,W1,Packaging,11.38,96.18,3,210.11,completed,2025-03-09,210.11,5.27,Good,Q4,9.62,1.32,2.5,0,58.2
660,2838,W4,Sorting,14.59,94.12,1,789.23,completed,2025-02-21,789.23,4.11,Good,Q3,9.41,1.03,7.5,0,69.3
661,2116,W3,Picking,11.82,95.67,1,559.48,completed,2024-11-17,559.48,5.08,Good,Q3,9.57,1.27,7.5,0,70.4
662,3765,W3,Sorting,13.7,91.72,3,400.03,pending,2024-05-10,,4.38,Fair,Q4,9.17,1.09,2.5,5,48.6
663,1278,W5,Packaging,14.07,78.14,1,22.08,completed,2023-01-25,22.08,4.26,Poor,Q3,7.81,1.07,7.5,0,63.8
664,2031,W4,Picking,15.87,96.73,0,620.58,completed,2024-01-31,620.58,3.78,Good,Q2,9.67,0.95,10.0,0,76.2
665,1498,W1,Picking,22.09,99.18,1,515.49,completed,2023-09-03,515.49,2.72,Excellent,Q3,9.92,0.68,7.5,0,70.2
666,1756,W1,Packaging,14.84,96.0,0,685.67,completed,2023-08-16,685.67,4.04,Good,Q2,9.6,1.01,10.0,0,76.1
667,3835,W2,Sorting,20.74,86.96,0,657.41,completed,2024-10-24,657.41,2.89,Fair,Q2,8.7,0.72,10.0,0,72.2
668,1246,W3,Packaging,22.32,94.36,1,339.47,pending,2024-06-12,,2.69,Good,Q3,9.44,0.67,7.5,5,61.0
669,1589,W3,Packaging,6.13,95.08,0,425.87,completed,2026-01-12,425.87,9.79,Good,Q2,9.51,2.45,10.0,0,79.4
670,1142,W4,Packaging,14.4,99.79,1,231.26,completed,2023-05-30,231.26,4.17,Excellent,Q3,9.98,1.04,7.5,0,71.3
671,2599,W1,Sorting,24.63,93.35,1,46.59,pending,2024-06-29,,2.44,Good,Q3,9.34,0.61,7.5,5,60.5
672,3009,W2,Sorting,21.63,84.01,1,799.83,cancelled,2025-09-06,,2.77,Poor,Q3,8.4,0.69,7.5,10,49.9
673,4350,W4,Packing,18.69,88.61,0,811.72,cancelled,2025-09-14,,3.21,Fair,Q2,8.86,0.8,10.0,10,58.0
674,3650,W1,Sorting,18.7,92.36,1,847.51,completed,2023-07-05,847.51,3.21,Good,Q3,9.24,0.8,7.5,0,68.1
675,2573,W3,Sorting,11.14,93.61,0,47.84,completed,2024-01-27,47.84,5.39,Good,Q2,9.36,1.35,10.0,0,76.1
676,3591,W3,Packing,15.7,91.13,0,85.86,cancelled,2025-06-15,,3.82,Fair,Q2,9.11,0.96,10.0,10,59.3
677,3635,W2,Packaging,36.55,93.13,1,676.94,completed,2024-09-22,676.94,1.64,Good,Q3,9.31,0.41,7.5,0,67.4
678,3953,W4,Packing,21.95,99.12,1,297.0,failed,2023-03-29,,2.73,Excellent,Q3,9.91,0.68,7.5,10,55.1
679,4035,W4,Picking,11.74,94.19,3,463.03,completed,2026-04-01,463.03,5.11,Good,Q4,9.42,1.28,2.5,0,57.4
680,3532,W2,Picking,15.09,96.47,2,408.47,completed,2023-04-04,408.47,3.98,Good,Q4,9.65,0.99,5.0,0,63.8
681,4421,W2,Packaging,12.71,84.58,1,525.37,completed,2026-04-25,525.37,4.72,Poor,Q3,8.46,1.18,7.5,0,66.3
682,1830,W1,Picking,13.76,92.72,0,67.7,completed,2025-05-22,67.7,4.36,Good,Q2,9.27,1.09,10.0,0,75.2
683,4130,W3,Packing,24.67,92.91,2,677.24,completed,2023-04-04,677.24,2.43,Good,Q4,9.29,0.61,5.0,0,61.5
684,3852,W5,Packaging,28.23,91.1,2,361.65,completed,2025-01-27,361.65,2.13,Fair,Q4,9.11,0.53,5.0,0,60.7
685,4185,W5,Packaging,22.29,88.98,3,526.39,completed,2023-11-20,526.39,2.69,Fair,Q4,8.9,0.67,2.5,0,54.1
686,3431,W1,Packing,23.3,100.0,1,605.13,completed,2024-08-04,605.13,2.58,Excellent,Q3,10.0,0.64,7.5,0,70.3
687,3500,W4,Packing,18.94,100.0,0,798.3,completed,2023-03-19,798.3,3.17,Excellent,Q2,10.0,0.79,10.0,0,77.0
688,2233,W5,Packaging,20.26,88.19,1,705.11,completed,2024-12-13,705.11,2.96,Fair,Q3,8.82,0.74,7.5,0,66.5
689,3210,W4,Picking,20.44,100.0,2,735.38,completed,2025-11-05,735.38,2.94,Excellent,Q4,10.0,0.73,5.0,0,64.3
690,4262,W2,Packing,19.59,88.36,0,176.76,pending,2023-11-02,,3.06,Fair,Q2,8.84,0.77,10.0,5,65.4
691,2369,W4,Packing,16.29,94.46,0,377.95,completed,2026-06-17,377.95,3.68,Good,Q2,9.45,0.92,10.0,0,75.4
692,1119,W4,Picking,11.97,100.0,1,146.97,completed,2025-09-20,146.97,5.01,Excellent,Q3,10.0,1.25,7.5,0,71.9
693,2334,W5,Picking,20.3,95.62,0,638.82,completed,2024-04-16,638.82,2.96,Good,Q2,9.56,0.74,10.0,0,75.3
694,1903,W1,Sorting,16.3,93.13,2,181.96,completed,2023-05-31,181.96,3.68,Good,Q4,9.31,0.92,5.0,0,62.4
695,2874,W4,Packing,13.79,96.59,0,326.86,completed,2024-02-02,326.86,4.35,Good,Q2,9.66,1.09,10.0,0,76.5
696,1559,W3,Sorting,17.41,96.18,2,64.81,completed,2023-08-16,64.81,3.45,Good,Q4,9.62,0.86,5.0,0,63.3
697,3504,W4,Packing,17.23,92.69,0,678.46,completed,2023-12-15,678.46,3.48,Good,Q2,9.27,0.87,10.0,0,74.6
698,3423,W5,Packaging,23.8,92.39,0,846.38,completed,2025-08-27,846.38,2.52,Good,Q2,9.24,0.63,10.0,0,73.9
699,3423,W4,Sorting,9.07,97.24,1,200.71,completed,2023-11-02,200.71,6.62,Excellent,Q3,9.72,1.65,7.5,0,71.9
700,3065,W5,Picking,25.14,100.0,2,627.45,completed,2023-03-10,627.45,2.39,Excellent,Q4,10.0,0.6,5.0,0,64.0
701,1050,W4,Packing,19.76,88.41,0,481.34,completed,2025-04-12,481.34,3.04,Fair,Q2,8.84,0.76,10.0,0,72.8
702,3740,W2,Packaging,21.09,92.02,6,28.3,completed,2024-09-16,28.3,2.84,Good,Q4,9.2,0.71,0,0,49.0
703,2660,W2,Packing,20.58,89.21,0,744.96,cancelled,2024-01-14,,2.92,Fair,Q2,8.92,0.73,10.0,10,58.0
704,3829,W3,Packing,20.61,99.32,1,336.37,completed,2024-11-12,336.37,2.91,Excellent,Q3,9.93,0.73,7.5,0,70.3
705,3804,W5,Picking,19.94,85.11,0,187.97,completed,2023-06-15,187.97,3.01,Fair,Q2,8.51,0.75,10.0,0,71.7
706,1211,W5,Sorting,18.55,95.88,3,578.34,pending,2023-08-16,,3.23,Good,Q4,9.59,0.81,2.5,5,49.3
707,4168,W4,Sorting,22.82,94.67,0,483.23,completed,2024-02-24,483.23,2.63,Good,Q2,9.47,0.66,10.0,0,74.8
708,3376,W2,Sorting,15.53,91.75,2,799.19,completed,2024-03-05,799.19,3.86,Fair,Q4,9.18,0.97,5.0,0,62.1
709,2991,W2,Sorting,20.98,94.3,1,303.26,completed,2025-10-23,303.26,2.86,Good,Q3,9.43,0.71,7.5,0,68.5
710,2851,W5,Picking,21.58,83.98,1,766.04,completed,2026-06-25,766.04,2.78,Poor,Q3,8.4,0.7,7.5,0,64.9
711,1315,W3,Picking,17.99,95.26,0,815.14,completed,2023-08-12,815.14,3.34,Good,Q2,9.53,0.83,10.0,0,75.4
712,3569,W2,Sorting,23.79,89.67,2,185.55,completed,2023-02-16,185.55,2.52,Fair,Q4,8.97,0.63,5.0,0,60.5
713,2194,W3,Packing,15.63,93.15,0,553.31,failed,2024-01-23,,3.84,Good,Q2,9.32,0.96,10.0,10,60.0
714,2686,W1,Picking,20.25,98.38,3,553.3,cancelled,2026-03-31,,2.96,Excellent,Q4,9.84,0.74,2.5,10,42.5
715,4233,W3,Sorting,16.3,87.65,0,488.66,completed,2024-09-19,488.66,3.68,Fair,Q2,8.77,0.92,10.0,0,73.0
716,1607,W2,Sorting,20.14,86.01,2,721.0,completed,2024-12-24,721.0,2.98,Fair,Q4,8.6,0.74,5.0,0,59.5
717,3900,W3,Packing,16.02,92.09,0,161.43,failed,2023-11-11,,3.75,Good,Q2,9.21,0.94,10.0,10,59.6
718,2514,W2,Packaging,19.3,96.23,1,383.14,completed,2024-01-13,383.14,3.11,Good,Q3,9.62,0.78,7.5,0,69.4
719,1497,W2,Picking,21.6,92.49,0,460.59,completed,2023-02-21,460.59,2.78,Good,Q2,9.25,0.69,10.0,0,74.1
720,4024,W4,Packing,21.34,100.0,0,145.3,pending,2026-01-23,,2.81,Excellent,Q2,10.0,0.7,10.0,5,69.2
721,3731,W5,Sorting,19.8,94.96,4,845.04,completed,2023-10-29,845.04,3.03,Good,Q4,9.5,0.76,0,0,50.1
722,3777,W5,Packing,20.01,92.08,2,48.47,completed,2026-02-02,48.47,3.0,Good,Q4,9.21,0.75,5.0,0,61.6
723,1799,W1,Sorting,16.19,90.9,0,522.81,completed,2026-04-09,522.81,3.71,Fair,Q2,9.09,0.93,10.0,0,74.1
724,4479,W5,Packaging,24.47,89.78,0,84.8,pending,2025-07-01,,2.45,Fair,Q2,8.98,0.61,10.0,5,65.5
725,1605,W1,Packing,14.79,99.57,3,316.49,completed,2025-05-25,316.49,4.06,Excellent,Q4,9.96,1.01,2.5,0,58.6
726,3297,W3,Packing,14.39,92.9,2,831.23,completed,2023-06-29,831.23,4.17,Good,Q4,9.29,1.04,5.0,0,62.6
727,3984,W2,Packing,15.94,92.29,2,764.6,pending,2025-04-28,,3.76,Good,Q4,9.23,0.94,5.0,5,54.7
728,2373,W2,Picking,25.71,88.88,5,453.63,completed,2023-05-16,453.63,2.33,Fair,Q4,8.89,0.58,0,0,47.6
729,4093,W5,Packing,12.26,93.38,0,608.06,completed,2023-10-08,608.06,4.89,Good,Q2,9.34,1.22,10.0,0,75.7
730,2236,W2,Packaging,23.26,89.86,3,702.04,pending,2026-04-13,,2.58,Fair,Q4,8.99,0.64,2.5,5,46.8
731,4417,W3,Packing,17.06,93.91,2,813.28,completed,2025-08-25,813.28,3.52,Good,Q4,9.39,0.88,5.0,0,62.6
732,1488,W1,Sorting,18.86,86.7,1,219.37,completed,2024-07-21,219.37,3.18,Fair,Q3,8.67,0.8,7.5,0,66.1
733,3843,W4,Picking,11.5,100.0,0,587.74,completed,2023-09-02,587.74,5.22,Excellent,Q2,10.0,1.3,10.0,0,78.2
734,3839,W3,Picking,17.91,97.12,1,281.93,cancelled,2023-10-05,,3.35,Excellent,Q3,9.71,0.84,7.5,10,54.8
735,3617,W3,Packaging,13.03,98.96,1,258.54,completed,2023-06-07,258.54,4.6,Excellent,Q3,9.9,1.15,7.5,0,71.3
736,3227,W5,Packaging,20.56,90.23,2,643.44,pending,2024-10-22,,2.92,Fair,Q4,9.02,0.73,5.0,5,53.4
737,1560,W3,Sorting,17.88,88.31,0,135.0,completed,2025-11-27,135.0,3.36,Fair,Q2,8.83,0.84,10.0,0,73.0
738,1892,W3,Sorting,18.4,84.23,3,151.13,pending,2023-11-13,,3.26,Poor,Q4,8.42,0.82,2.5,5,45.3
739,3918,W5,Packaging,22.79,84.59,0,721.47,pending,2026-02-02,,2.63,Poor,Q2,8.46,0.66,10.0,5,63.8
740,2964,W1,Packing,6.13,100.0,2,786.05,completed,2024-12-14,786.05,9.79,Excellent,Q4,10.0,2.45,5.0,0,68.6
741,2247,W3,Sorting,5.56,96.13,0,158.79,completed,2023-02-28,158.79,10.79,Good,Q2,9.61,2.7,10.0,0,80.4
742,1859,W1,Packaging,15.08,93.4,0,271.7,completed,2023-09-24,271.7,3.98,Good,Q2,9.34,0.99,10.0,0,75.2
743,1441,W1,Packing,18.03,93.03,1,50.5,completed,2023-03-09,50.5,3.33,Good,Q3,9.3,0.83,7.5,0,68.4
744,1042,W5,Picking,11.49,92.3,1,266.87,completed,2023-07-17,266.87,5.22,Good,Q3,9.23,1.31,7.5,0,69.3
745,2136,W1,Packaging,19.3,100.0,1,638.08,completed,2026-04-02,638.08,3.11,Excellent,Q3,10.0,0.78,7.5,0,70.7
746,3335,W3,Sorting,19.91,85.44,1,216.92,completed,2023-05-20,216.92,3.01,Fair,Q3,8.54,0.75,7.5,0,65.5
747,3971,W1,Picking,13.05,87.21,1,18.61,completed,2023-07-22,18.61,4.6,Fair,Q3,8.72,1.15,7.5,0,67.1
748,1740,W2,Packing,27.98,86.46,0,814.72,completed,2024-12-27,814.72,2.14,Fair,Q2,8.65,0.54,10.0,0,71.6
749,1556,W4,Packing,17.34,97.44,1,107.11,completed,2025-10-12,107.11,3.46,Excellent,Q3,9.74,0.87,7.5,0,70.0
750,2161,W3,Sorting,19.15,95.35,1,111.63,completed,2025-07-24,111.63,3.13,Good,Q3,9.53,0.78,7.5,0,69.1
751,1285,W5,Sorting,24.74,84.39,0,372.35,completed,2025-09-01,372.35,2.43,Poor,Q2,8.44,0.61,10.0,0,71.1
752,3140,W3,Packaging,25.57,91.86,0,345.97,completed,2023-06-24,345.97,2.35,Fair,Q2,9.19,0.59,10.0,0,73.6
753,2489,W1,Packaging,12.34,85.13,0,155.88,completed,2024-02-12,155.88,4.86,Fair,Q2,8.51,1.22,10.0,0,72.8
754,3970,W3,Packaging,7.06,96.64,1,714.82,completed,2025-10-19,714.82,8.5,Good,Q3,9.66,2.12,7.5,0,72.9
755,2984,W3,Sorting,23.17,82.81,0,808.37,pending,2025-11-13,,2.59,Poor,Q2,8.28,0.65,10.0,5,63.1
756,3573,W3,Packaging,23.42,96.97,1,430.22,pending,2023-10-03,,2.56,Good,Q3,9.7,0.64,7.5,5,61.8
757,2339,W1,Picking,18.64,93.19,1,519.83,pending,2023-11-09,,3.22,Good,Q3,9.32,0.8,7.5,5,60.9
758,2908,W3,Picking,16.93,93.83,0,425.98,pending,2024-02-18,,3.54,Good,Q2,9.38,0.89,10.0,5,67.6
759,1129,W3,Packing,17.86,97.36,2,810.4,completed,2025-05-31,810.4,3.36,Excellent,Q4,9.74,0.84,5.0,0,63.7
760,1724,W1,Packing,12.75,97.2,0,45.04,completed,2026-02-14,45.04,4.71,Excellent,Q2,9.72,1.18,10.0,0,77.0
761,3703,W3,Packaging,22.86,99.35,0,578.65,completed,2026-02-08,578.65,2.62,Excellent,Q2,9.93,0.66,10.0,0,76.4
762,3026,W5,Packing,21.79,91.5,0,341.81,completed,2026-04-25,341.81,2.75,Fair,Q2,9.15,0.69,10.0,0,73.8
763,4315,W4,Sorting,17.82,95.09,0,320.95,pending,2026-04-10,,3.37,Good,Q2,9.51,0.84,10.0,5,67.9
764,1231,W1,Sorting,17.39,81.62,3,358.96,completed,2024-05-15,358.96,3.45,Poor,Q4,8.16,0.86,2.5,0,52.0
765,1080,W2,Packaging,10.82,86.17,2,296.89,completed,2026-01-07,296.89,5.55,Fair,Q4,8.62,1.39,5.0,0,61.1
766,2092,W3,Picking,18.11,99.79,0,767.68,completed,2023-02-11,767.68,3.31,Excellent,Q2,9.98,0.83,10.0,0,77.0
767,3765,W4,Picking,11.62,100.0,0,98.55,failed,2024-02-26,,5.16,Excellent,Q2,10.0,1.29,10.0,10,63.2
768,2488,W3,Packing,14.2,94.04,0,528.38,completed,2025-06-11,528.38,4.23,Good,Q2,9.4,1.06,10.0,0,75.5
769,2217,W2,Packing,22.55,89.84,2,236.4,completed,2026-03-20,236.4,2.66,Fair,Q4,8.98,0.67,5.0,0,60.6
770,3424,W4,Packaging,13.6,100.0,0,497.79,completed,2024-11-20,497.79,4.41,Excellent,Q2,10.0,1.1,10.0,0,77.8
771,3067,W3,Picking,11.22,95.58,0,702.82,completed,2024-09-06,702.82,5.35,Good,Q2,9.56,1.34,10.0,0,76.8
772,4127,W4,Sorting,19.84,89.12,2,393.45,completed,2026-01-26,393.45,3.02,Fair,Q4,8.91,0.76,5.0,0,60.6
773,2914,W2,Picking,15.6,92.54,0,702.96,completed,2024-07-02,702.96,3.85,Good,Q2,9.25,0.96,10.0,0,74.8
774,2894,W5,Packing,21.64,88.39,1,182.54,failed,2023-10-30,,2.77,Fair,Q3,8.84,0.69,7.5,10,51.4
775,3596,W2,Packaging,20.94,83.32,0,775.8,pending,2024-02-21,,2.87,Poor,Q2,8.33,0.72,10.0,5,63.5
776,2662,W4,Sorting,23.5,91.83,0,517.03,pending,2024-05-03,,2.55,Fair,Q2,9.18,0.64,10.0,5,66.2
777,3649,W1,Packaging,17.26,100.0,0,379.17,completed,2023-03-17,379.17,3.48,Excellent,Q2,10.0,0.87,10.0,0,77.2
778,3255,W2,Packaging,21.43,97.95,2,246.94,completed,2023-12-27,246.94,2.8,Excellent,Q4,9.79,0.7,5.0,0,63.5
779,2667,W1,Packing,27.61,97.5,0,68.09,pending,2025-01-14,,2.17,Excellent,Q2,9.75,0.54,10.0,5,68.0
780,4008,W1,Packing,21.47,94.25,0,108.46,failed,2025-10-21,,2.79,Good,Q2,9.43,0.7,10.0,10,59.8
781,4019,W1,Sorting,24.51,95.71,1,710.0,completed,2025-03-09,710.0,2.45,Good,Q3,9.57,0.61,7.5,0,68.8
782,2672,W2,Packing,16.31,92.27,2,244.25,completed,2024-06-04,244.25,3.68,Good,Q4,9.23,0.92,5.0,0,62.1
783,2137,W5,Picking,11.2,98.21,1,585.09,completed,2023-10-24,585.09,5.36,Excellent,Q3,9.82,1.34,7.5,0,71.5
784,3481,W3,Packing,23.0,94.06,0,822.28,completed,2023-03-13,822.28,2.61,Good,Q2,9.41,0.65,10.0,0,74.6
785,3190,W1,Packaging,11.66,99.28,0,587.18,completed,2024-04-29,587.18,5.15,Excellent,Q2,9.93,1.29,10.0,0,78.0
786,2232,W4,Packing,6.71,100.0,0,781.47,completed,2023-07-04,781.47,8.94,Excellent,Q2,10.0,2.24,10.0,0,80.6
787,2664,W2,Sorting,30.38,82.64,0,655.23,completed,2023-03-11,655.23,1.97,Poor,Q2,8.26,0.49,10.0,0,70.1
788,4445,W3,Picking,8.84,100.0,0,359.82,pending,2024-11-12,,6.79,Excellent,Q2,10.0,1.7,10.0,5,71.8
789,4021,W4,Picking,13.31,93.69,0,694.21,pending,2024-10-31,,4.51,Good,Q2,9.37,1.13,10.0,5,68.1
790,3625,W4,Picking,20.64,96.59,0,385.24,pending,2023-10-06,,2.91,Good,Q2,9.66,0.73,10.0,5,68.1
791,4144,W1,Packing,15.36,99.52,1,610.83,completed,2023-09-24,610.83,3.91,Excellent,Q3,9.95,0.98,7.5,0,71.0
792,2067,W5,Packing,24.03,86.67,3,628.87,pending,2023-12-22,,2.5,Fair,Q4,8.67,0.62,2.5,5,45.6
793,3336,W5,Sorting,24.44,90.73,3,803.87,pending,2024-04-04,,2.45,Fair,Q4,9.07,0.61,2.5,5,47.0
794,2894,W1,Picking,25.1,93.92,0,772.22,cancelled,2024-02-11,,2.39,Good,Q2,9.39,0.6,10.0,10,59.4
795,3323,W3,Packaging,12.61,90.94,3,157.05,completed,2023-08-29,157.05,4.76,Fair,Q4,9.09,1.19,2.5,0,56.0
796,1919,W1,Packing,27.75,100.0,0,427.61,pending,2024-02-21,,2.16,Excellent,Q2,10.0,0.54,10.0,5,68.8
797,2159,W2,Sorting,19.16,88.38,3,846.0,completed,2024-01-23,846.0,3.13,Fair,Q4,8.84,0.78,2.5,0,54.1
798,3530,W4,Packaging,11.09,98.41,1,233.6,completed,2025-07-12,233.6,5.41,Excellent,Q3,9.84,1.35,7.5,0,71.6
799,2628,W2,Sorting,20.53,86.95,0,828.62,completed,2024-03-10,828.62,2.92,Fair,Q2,8.7,0.73,10.0,0,72.3
800,2363,W4,Packing,18.97,95.43,1,64.06,pending,2024-04-25,,3.16,Good,Q3,9.54,0.79,7.5,5,61.6
801,2038,W4,Sorting,30.33,89.81,0,53.0,failed,2025-10-30,,1.98,Fair,Q2,8.98,0.49,10.0,10,57.7
802,3291,W5,Packing,16.79,85.56,2,823.33,completed,2023-03-26,823.33,3.57,Fair,Q4,8.56,0.89,5.0,0,59.7
803,3172,W5,Packaging,9.46,89.28,2,279.96,completed,2025-06-05,279.96,6.34,Fair,Q4,8.93,1.59,5.0,0,62.7
804,4419,W2,Sorting,19.95,90.31,2,742.85,completed,2024-07-29,742.85,3.01,Fair,Q4,9.03,0.75,5.0,0,61.0
805,1675,W3,Packing,23.13,89.85,1,276.36,completed,2024-10-08,276.36,2.59,Fair,Q3,8.98,0.65,7.5,0,66.8
806,1773,W4,Packaging,12.5,100.0,0,382.39,completed,2023-11-01,382.39,4.8,Excellent,Q2,10.0,1.2,10.0,0,78.0
807,3027,W1,Packaging,14.06,95.94,0,762.47,completed,2023-03-25,762.47,4.27,Good,Q2,9.59,1.07,10.0,0,76.2
808,3948,W4,Sorting,18.71,89.59,0,108.93,failed,2023-10-31,,3.21,Fair,Q2,8.96,0.8,10.0,10,58.4
809,3716,W1,Sorting,20.93,90.94,2,242.78,completed,2026-04-14,242.78,2.87,Fair,Q4,9.09,0.72,5.0,0,61.1
810,4146,W2,Picking,23.99,89.05,0,79.16,completed,2025-10-17,79.16,2.5,Fair,Q2,8.9,0.63,10.0,0,72.7
811,4428,W1,Sorting,15.64,87.31,0,809.27,completed,2024-10-24,809.27,3.84,Fair,Q2,8.73,0.96,10.0,0,73.0
812,2103,W2,Picking,22.92,95.65,0,394.14,completed,2026-05-01,394.14,2.62,Good,Q2,9.56,0.65,10.0,0,75.1
813,4264,W1,Sorting,11.98,84.64,0,628.16,failed,2026-03-11,,5.01,Poor,Q2,8.46,1.25,10.0,10,57.7
814,4046,W2,Packaging,27.23,92.04,0,681.45,cancelled,2023-05-25,,2.2,Good,Q2,9.2,0.55,10.0,10,58.6
815,1852,W5,Packing,21.48,91.56,2,32.13,completed,2023-11-30,32.13,2.79,Fair,Q4,9.16,0.7,5.0,0,61.3
816,3010,W4,Packing,12.0,95.59,0,115.7,completed,2025-06-04,115.7,5.0,Good,Q2,9.56,1.25,10.0,0,76.6
817,2099,W3,Packaging,21.54,96.77,1,339.05,completed,2026-02-27,339.05,2.79,Good,Q3,9.68,0.7,7.5,0,69.4
818,3583,W5,Packing,26.76,85.21,2,170.61,completed,2025-05-22,170.61,2.24,Fair,Q4,8.52,0.56,5.0,0,58.7
819,3159,W1,Picking,23.21,96.3,0,792.11,completed,2025-12-10,792.11,2.59,Good,Q2,9.63,0.65,10.0,0,75.3
820,1523,W1,Sorting,12.47,99.12,2,265.83,completed,2024-09-07,265.83,4.81,Excellent,Q4,9.91,1.2,5.0,0,65.2
821,1387,W2,Packing,22.51,90.57,2,369.8,completed,2025-08-09,369.8,2.67,Fair,Q4,9.06,0.67,5.0,0,60.9
822,4033,W5,Sorting,23.47,80.92,1,28.58,completed,2025-08-05,28.58,2.56,Poor,Q3,8.09,0.64,7.5,0,63.7
823,4102,W2,Packaging,24.98,92.16,1,619.62,cancelled,2025-07-10,,2.4,Good,Q3,9.22,0.6,7.5,10,52.5
824,1320,W5,Sorting,18.64,93.15,0,191.24,completed,2026-05-22,191.24,3.22,Good,Q2,9.32,0.8,10.0,0,74.6
825,2659,W3,Picking,21.38,96.85,2,399.24,completed,2026-05-17,399.24,2.81,Good,Q4,9.68,0.7,5.0,0,63.1
826,3827,W4,Sorting,18.81,97.43,1,577.63,completed,2025-03-19,577.63,3.19,Excellent,Q3,9.74,0.8,7.5,0,69.8
827,1857,W3,Picking,18.83,96.57,4,732.28,completed,2025-09-12,732.28,3.19,Good,Q4,9.66,0.8,0,0,50.8
828,2232,W2,Packaging,21.32,86.04,0,174.41,completed,2025-08-07,174.41,2.81,Fair,Q2,8.6,0.7,10.0,0,71.8
829,1080,W2,Packing,28.63,95.87,1,420.01,completed,2025-07-09,420.01,2.1,Good,Q3,9.59,0.52,7.5,0,68.6
830,1032,W5,Packaging,15.59,82.63,0,57.52,completed,2023-07-30,57.52,3.85,Poor,Q2,8.26,0.96,10.0,0,71.3
831,2991,W4,Packing,16.45,90.13,0,422.06,cancelled,2025-11-17,,3.65,Fair,Q2,9.01,0.91,10.0,10,58.8
832,3266,W5,Packing,20.21,89.33,2,496.3,completed,2023-05-11,496.3,2.97,Fair,Q4,8.93,0.74,5.0,0,60.6
833,1660,W3,Packing,23.38,97.44,0,379.25,cancelled,2024-08-12,,2.57,Excellent,Q2,9.74,0.64,10.0,10,60.7
834,2389,W2,Packing,16.27,90.42,2,774.07,completed,2026-05-18,774.07,3.69,Fair,Q4,9.04,0.92,5.0,0,61.4
835,2475,W4,Packaging,15.56,92.48,0,559.84,cancelled,2025-08-25,,3.86,Good,Q2,9.25,0.96,10.0,10,59.8
836,1817,W2,Packaging,25.94,90.97,0,122.8,completed,2023-11-17,122.8,2.31,Fair,Q2,9.1,0.58,10.0,0,73.3
837,1074,W5,Packing,7.83,95.02,1,54.29,completed,2025-01-04,54.29,7.66,Good,Q3,9.5,1.92,7.5,0,71.8
838,4304,W3,Sorting,22.63,95.51,3,435.4,completed,2023-05-11,435.4,2.65,Good,Q4,9.55,0.66,2.5,0,56.3
839,4151,W3,Packing,19.14,98.78,0,670.38,completed,2023-04-06,670.38,3.13,Excellent,Q2,9.88,0.78,10.0,0,76.5
840,1426,W5,Sorting,24.16,91.72,0,519.58,cancelled,2023-04-14,,2.48,Fair,Q2,9.17,0.62,10.0,10,58.6
841,1417,W4,Packing,17.49,84.66,1,731.75,failed,2026-02-25,,3.43,Poor,Q3,8.47,0.86,7.5,10,50.5
842,3983,W1,Picking,9.08,99.3,1,316.97,completed,2024-08-21,316.97,6.61,Excellent,Q3,9.93,1.65,7.5,0,72.6
843,2798,W4,Packing,22.86,98.87,0,723.58,pending,2025-05-01,,2.62,Excellent,Q2,9.89,0.66,10.0,5,68.8
844,2089,W1,Packaging,19.35,92.26,1,158.0,pending,2025-02-01,,3.1,Good,Q3,9.23,0.78,7.5,5,60.5
845,2756,W4,Sorting,18.44,100.0,0,130.23,completed,2025-04-26,130.23,3.25,Excellent,Q2,10.0,0.81,10.0,0,77.0
846,2812,W4,Packing,15.37,89.47,0,803.02,failed,2023-10-26,,3.9,Fair,Q2,8.95,0.98,10.0,10,58.8
847,3704,W1,Picking,10.19,100.0,0,648.93,completed,2023-11-06,648.93,5.89,Excellent,Q2,10.0,1.47,10.0,0,78.7
848,2211,W5,Picking,21.33,98.41,1,746.3,failed,2025-05-08,,2.81,Excellent,Q3,9.84,0.7,7.5,10,54.9
849,1601,W4,Sorting,16.41,97.08,2,524.68,pending,2025-04-07,,3.66,Excellent,Q4,9.71,0.91,5.0,5,56.3
850,2414,W4,Packaging,6.9,92.46,0,384.19,cancelled,2025-04-08,,8.7,Good,Q2,9.25,2.17,10.0,10,62.8
851,3215,W2,Sorting,16.97,87.37,1,449.59,completed,2024-08-04,449.59,3.54,Fair,Q3,8.74,0.88,7.5,0,66.5
852,1095,W2,Picking,8.7,91.41,2,545.8,completed,2023-02-27,545.8,6.9,Fair,Q4,9.14,1.72,5.0,0,63.8
853,2527,W5,Sorting,24.02,80.43,2,65.05,completed,2024-06-15,65.05,2.5,Poor,Q4,8.04,0.62,5.0,0,57.2
854,3344,W5,Sorting,22.6,87.19,0,389.7,completed,2023-01-11,389.7,2.65,Fair,Q2,8.72,0.66,10.0,0,72.2
855,3184,W4,Sorting,23.32,82.41,0,539.17,failed,2026-05-04,,2.57,Poor,Q2,8.24,0.64,10.0,10,55.4
856,1573,W2,Sorting,17.55,84.64,0,493.26,completed,2025-02-12,493.26,3.42,Poor,Q2,8.46,0.85,10.0,0,71.7
857,2743,W5,Packaging,17.75,89.23,2,137.37,completed,2025-04-23,137.37,3.38,Fair,Q4,8.92,0.85,5.0,0,60.8
858,2512,W1,Picking,10.39,100.0,0,387.55,completed,2025-12-13,387.55,5.77,Excellent,Q2,10.0,1.44,10.0,0,78.6
859,3997,W4,Packing,10.86,92.62,2,806.43,cancelled,2025-05-03,,5.52,Good,Q4,9.26,1.38,5.0,10,48.4
860,3102,W2,Packaging,19.83,86.6,1,823.31,completed,2025-12-19,823.31,3.03,Fair,Q3,8.66,0.76,7.5,0,66.0
861,4491,W1,Packaging,19.86,95.98,0,114.17,completed,2025-04-16,114.17,3.02,Good,Q2,9.6,0.76,10.0,0,75.5
862,2248,W1,Picking,11.71,96.1,2,113.31,completed,2025-02-05,113.31,5.12,Good,Q4,9.61,1.28,5.0,0,64.3
863,2161,W3,Sorting,20.11,89.76,1,761.7,completed,2024-03-17,761.7,2.98,Fair,Q3,8.98,0.75,7.5,0,67.1
864,2970,W2,Packing,19.76,88.67,1,52.31,completed,2026-03-19,52.31,3.04,Fair,Q3,8.87,0.76,7.5,0,66.7
865,3067,W3,Packing,19.31,89.25,0,651.23,cancelled,2025-08-01,,3.11,Fair,Q2,8.92,0.78,10.0,10,58.2
866,3554,W4,Packing,10.3,95.26,0,536.68,completed,2025-04-18,536.68,5.83,Good,Q2,9.53,1.46,10.0,0,77.0
867,1362,W4,Packaging,15.59,97.44,0,246.61,cancelled,2023-12-06,,3.85,Excellent,Q2,9.74,0.96,10.0,10,61.5
868,3534,W1,Sorting,14.05,96.45,2,175.68,completed,2026-01-14,175.68,4.27,Good,Q4,9.64,1.07,5.0,0,63.9
869,3178,W5,Picking,11.55,90.39,1,564.64,failed,2024-01-04,,5.19,Fair,Q3,9.04,1.3,7.5,10,53.6
870,2819,W1,Sorting,18.78,92.99,3,756.19,pending,2023-06-23,,3.19,Good,Q4,9.3,0.8,2.5,5,48.3
871,3162,W5,Sorting,32.36,89.02,3,361.47,completed,2024-10-11,361.47,1.85,Fair,Q4,8.9,0.46,2.5,0,53.6
872,1748,W4,Sorting,18.98,98.66,1,253.27,completed,2024-06-07,253.27,3.16,Excellent,Q3,9.87,0.79,7.5,0,70.3
873,1239,W1,Packaging,14.46,96.84,0,37.69,completed,2024-09-02,37.69,4.15,Good,Q2,9.68,1.04,10.0,0,76.5
874,4390,W4,Picking,12.28,95.18,1,328.55,completed,2023-09-05,328.55,4.89,Good,Q3,9.52,1.22,7.5,0,70.1
875,2103,W1,Packaging,13.99,93.82,0,807.71,completed,2023-05-05,807.71,4.29,Good,Q2,9.38,1.07,10.0,0,75.5
876,1076,W3,Packing,17.88,94.59,1,544.01,completed,2024-07-05,544.01,3.36,Good,Q3,9.46,0.84,7.5,0,69.0
877,3604,W5,Picking,11.54,88.94,1,85.06,completed,2025-10-21,85.06,5.2,Fair,Q3,8.89,1.3,7.5,0,68.1
878,2735,W2,Packaging,24.81,97.95,1,463.84,completed,2026-02-10,463.84,2.42,Excellent,Q3,9.79,0.6,7.5,0,69.5
879,2975,W4,Picking,6.03,99.86,0,15.45,completed,2024-07-13,15.45,9.95,Excellent,Q2,9.99,2.49,10.0,0,81.2
880,3396,W5,Sorting,35.77,84.08,2,542.89,pending,2025-11-11,,1.68,Poor,Q4,8.41,0.42,5.0,5,50.5
881,3969,W3,Picking,14.54,96.08,2,708.47,completed,2026-02-13,708.47,4.13,Good,Q4,9.61,1.03,5.0,0,63.7
882,2403,W3,Packing,22.34,86.5,1,753.08,completed,2024-06-19,753.08,2.69,Fair,Q3,8.65,0.67,7.5,0,65.7
883,3833,W4,Sorting,22.75,93.31,0,28.26,completed,2023-10-01,28.26,2.64,Good,Q2,9.33,0.66,10.0,0,74.3
884,3852,W1,Packing,19.29,97.07,1,479.09,completed,2025-09-28,479.09,3.11,Excellent,Q3,9.71,0.78,7.5,0,69.7
885,3753,W4,Picking,14.01,96.91,3,575.8,pending,2023-09-10,,4.28,Good,Q4,9.69,1.07,2.5,5,50.3
886,3855,W3,Packing,20.03,92.13,1,656.25,pending,2023-01-18,,3.0,Good,Q3,9.21,0.75,7.5,5,60.4
887,3904,W1,Packing,17.84,95.11,1,583.26,completed,2025-01-02,583.26,3.36,Good,Q3,9.51,0.84,7.5,0,69.1
888,3022,W2,Picking,10.38,87.67,0,199.66,pending,2025-01-13,,5.78,Fair,Q2,8.77,1.45,10.0,5,66.8
889,1454,W1,Sorting,16.86,87.57,5,548.09,completed,2024-07-22,548.09,3.56,Fair,Q4,8.76,0.89,0,0,47.9
890,3469,W5,Packing,22.25,90.87,3,576.27,completed,2026-03-03,576.27,2.7,Fair,Q4,9.09,0.67,2.5,0,54.7
891,3985,W2,Picking,18.73,90.71,3,750.64,completed,2024-07-15,750.64,3.2,Fair,Q4,9.07,0.8,2.5,0,55.0
892,3294,W2,Picking,14.81,91.07,0,226.19,failed,2025-07-18,,4.05,Fair,Q2,9.11,1.01,10.0,10,59.4
893,2122,W1,Packing,19.13,94.14,2,845.91,completed,2023-09-07,845.91,3.14,Good,Q4,9.41,0.78,5.0,0,62.4
894,1192,W5,Packing,19.6,87.41,1,617.22,completed,2024-07-23,617.22,3.06,Fair,Q3,8.74,0.77,7.5,0,66.3
895,1924,W4,Packing,13.49,97.77,2,841.87,completed,2025-05-17,841.87,4.45,Excellent,Q4,9.78,1.11,5.0,0,64.5
896,1114,W1,Packaging,10.79,94.81,1,537.12,completed,2025-09-09,537.12,5.56,Good,Q3,9.48,1.39,7.5,0,70.4
897,2395,W4,Picking,12.04,95.63,0,214.03,completed,2023-04-22,214.03,4.98,Good,Q2,9.56,1.25,10.0,0,76.6
898,3561,W3,Packaging,19.99,95.5,0,653.02,failed,2025-07-03,,3.0,Good,Q2,9.55,0.75,10.0,10,60.3
899,1522,W5,Picking,21.01,91.69,0,69.3,completed,2023-05-07,69.3,2.86,Fair,Q2,9.17,0.71,10.0,0,73.9
900,3290,W4,Picking,24.14,97.16,0,580.77,completed,2023-04-17,580.77,2.49,Excellent,Q2,9.72,0.62,10.0,0,75.6
901,2857,W3,Packing,14.39,90.93,2,536.05,completed,2025-02-25,536.05,4.17,Fair,Q4,9.09,1.04,5.0,0,61.9
902,4206,W4,Packing,10.38,92.83,0,797.88,cancelled,2023-02-23,,5.78,Good,Q2,9.28,1.45,10.0,10,61.1
903,3347,W4,Sorting,18.81,94.09,0,717.05,completed,2023-09-16,717.05,3.19,Good,Q2,9.41,0.8,10.0,0,74.9
904,1563,W5,Sorting,16.27,81.27,2,170.25,completed,2023-04-01,170.25,3.69,Poor,Q4,8.13,0.92,5.0,0,58.3
905,4176,W1,Packaging,5.34,99.48,1,754.16,completed,2023-10-26,754.16,11.24,Excellent,Q3,9.95,2.81,7.5,0,75.6
906,3402,W2,Packing,16.28,87.99,2,21.75,completed,2023-10-24,21.75,3.69,Fair,Q4,8.8,0.92,5.0,0,60.6
907,1824,W1,Packaging,22.04,88.69,0,182.31,completed,2023-05-21,182.31,2.72,Fair,Q2,8.87,0.68,10.0,0,72.7
908,2356,W3,Packaging,19.15,90.75,0,515.8,completed,2026-03-30,515.8,3.13,Fair,Q2,9.07,0.78,10.0,0,73.7
909,1898,W5,Sorting,20.2,87.96,0,50.23,completed,2023-01-08,50.23,2.97,Fair,Q2,8.8,0.74,10.0,0,72.7
910,4336,W2,Packaging,22.5,92.05,3,656.57,completed,2024-11-09,656.57,2.67,Good,Q4,9.21,0.67,2.5,0,55.2
911,1583,W4,Packaging,16.67,95.99,2,478.17,completed,2024-08-18,478.17,3.6,Good,Q4,9.6,0.9,5.0,0,63.4
912,1815,W4,Packaging,16.69,99.62,0,829.38,completed,2024-02-10,829.38,3.59,Excellent,Q2,9.96,0.9,10.0,0,77.1
913,1721,W3,Packaging,17.37,97.07,1,178.65,completed,2024-06-20,178.65,3.45,Excellent,Q3,9.71,0.86,7.5,0,69.9
914,2386,W1,Picking,12.73,100.0,2,753.98,pending,2024-03-06,,4.71,Excellent,Q4,10.0,1.18,5.0,5,58.0
915,2776,W3,Packing,20.88,88.22,4,848.08,completed,2023-05-14,848.08,2.87,Fair,Q4,8.82,0.72,0,0,47.7
916,3844,W1,Packaging,12.03,97.27,1,459.68,cancelled,2025-02-05,,4.99,Excellent,Q3,9.73,1.25,7.5,10,55.9
917,4234,W3,Packing,18.25,94.93,0,462.12,failed,2023-11-01,,3.29,Good,Q2,9.49,0.82,10.0,10,60.3
918,3392,W3,Packaging,15.44,96.9,0,726.0,completed,2025-09-28,726.0,3.89,Good,Q2,9.69,0.97,10.0,0,76.3
919,4076,W2,Picking,20.56,87.46,1,751.82,pending,2025-11-08,,2.92,Fair,Q3,8.75,0.73,7.5,5,58.7
920,2979,W3,Packing,22.5,96.42,3,453.77,completed,2025-10-10,453.77,2.67,Good,Q4,9.64,0.67,2.5,0,56.7
921,2851,W4,Sorting,12.48,88.3,0,762.23,completed,2024-04-25,762.23,4.81,Fair,Q2,8.83,1.2,10.0,0,73.9
922,2532,W4,Packaging,13.65,100.0,0,796.14,completed,2024-06-05,796.14,4.4,Excellent,Q2,10.0,1.1,10.0,0,77.8
923,3544,W5,Picking,24.48,93.49,0,403.49,completed,2024-11-19,403.49,2.45,Good,Q2,9.35,0.61,10.0,0,74.2
924,2566,W4,Packing,22.32,89.42,2,279.71,completed,2023-02-20,279.71,2.69,Fair,Q4,8.94,0.67,5.0,0,60.5
925,3636,W2,Packing,17.72,87.11,3,443.18,completed,2023-06-10,443.18,3.39,Fair,Q4,8.71,0.85,2.5,0,53.9
926,1805,W3,Packaging,22.36,95.61,1,182.26,completed,2024-11-05,182.26,2.68,Good,Q3,9.56,0.67,7.5,0,68.9
927,4081,W3,Sorting,20.52,84.22,2,130.12,pending,2026-01-17,,2.92,Poor,Q4,8.42,0.73,5.0,5,51.3
928,2661,W3,Picking,22.74,95.67,2,847.36,pending,2026-04-02,,2.64,Good,Q4,9.57,0.66,5.0,5,55.1
929,1859,W1,Packing,29.87,93.94,1,618.99,completed,2025-08-29,618.99,2.01,Good,Q3,9.39,0.5,7.5,0,67.9
930,1769,W2,Packing,17.91,83.22,2,276.42,pending,2025-05-28,,3.35,Poor,Q4,8.32,0.84,5.0,5,51.2
931,4022,W4,Packaging,17.15,95.61,2,270.15,completed,2023-01-20,270.15,3.5,Good,Q4,9.56,0.87,5.0,0,63.1
932,4189,W4,Sorting,25.99,88.38,2,351.81,completed,2026-01-06,351.81,2.31,Fair,Q4,8.84,0.58,5.0,0,59.9
933,3327,W3,Sorting,18.23,91.48,3,845.2,completed,2026-05-19,845.2,3.29,Fair,Q4,9.15,0.82,2.5,0,55.3
934,1771,W5,Packing,32.15,89.73,3,461.3,failed,2025-08-30,,1.87,Fair,Q4,8.97,0.47,2.5,10,38.8
935,1131,W1,Sorting,8.68,95.34,1,476.68,completed,2026-05-20,476.68,6.91,Good,Q3,9.53,1.73,7.5,0,71.4
936,1954,W4,Picking,16.5,100.0,2,251.99,completed,2024-08-19,251.99,3.64,Excellent,Q4,10.0,0.91,5.0,0,64.8
937,1453,W5,Picking,19.29,91.74,0,341.57,completed,2023-09-22,341.57,3.11,Fair,Q2,9.17,0.78,10.0,0,74.0
938,1532,W5,Packing,31.32,97.65,3,737.86,completed,2024-02-26,737.86,1.92,Excellent,Q4,9.77,0.48,2.5,0,56.6
939,3935,W3,Packing,16.7,91.68,0,184.48,pending,2025-07-28,,3.59,Fair,Q2,9.17,0.9,10.0,5,66.8
940,4307,W3,Packaging,15.64,95.51,1,348.36,completed,2024-05-20,348.36,3.84,Good,Q3,9.55,0.96,7.5,0,69.6
941,2869,W5,Sorting,26.83,83.74,0,255.41,cancelled,2024-12-11,,2.24,Poor,Q2,8.37,0.56,10.0,10,55.7
942,3530,W3,Packing,14.44,94.61,0,223.03,completed,2025-06-03,223.03,4.16,Good,Q2,9.46,1.04,10.0,0,75.7
943,1646,W4,Packing,19.63,100.0,0,215.15,cancelled,2024-07-14,,3.06,Excellent,Q2,10.0,0.76,10.0,10,61.9
944,3021,W5,Sorting,30.28,92.68,3,768.37,completed,2025-04-22,768.37,1.98,Good,Q4,9.27,0.5,2.5,0,54.9
945,2035,W5,Picking,21.89,92.17,1,391.53,failed,2024-02-29,,2.74,Good,Q3,9.22,0.69,7.5,10,52.7
946,2561,W5,Picking,15.38,96.82,2,641.03,completed,2024-12-04,641.03,3.9,Good,Q4,9.68,0.98,5.0,0,63.8
947,2985,W4,Packaging,18.86,96.53,1,640.14,completed,2025-08-02,640.14,3.18,Good,Q3,9.65,0.8,7.5,0,69.5
948,4360,W1,Picking,13.59,97.77,3,132.11,completed,2024-07-25,132.11,4.42,Excellent,Q4,9.78,1.1,2.5,0,58.2
949,3750,W2,Packaging,17.56,89.44,3,155.66,pending,2023-01-23,,3.42,Fair,Q4,8.94,0.85,2.5,5,47.2
950,3180,W3,Packaging,23.38,97.37,2,760.39,completed,2024-03-18,760.39,2.57,Excellent,Q4,9.74,0.64,5.0,0,63.2
951,2262,W4,Picking,17.9,92.9,0,341.17,pending,2025-06-28,,3.35,Good,Q2,9.29,0.84,10.0,5,67.1
952,1977,W1,Picking,5.38,95.37,1,223.5,completed,2024-02-14,223.5,11.15,Good,Q3,9.54,2.79,7.5,0,74.1
953,1395,W1,Picking,20.32,97.06,1,199.17,completed,2023-12-10,199.17,2.95,Excellent,Q3,9.71,0.74,7.5,0,69.6
954,1776,W2,Picking,25.75,95.58,2,484.32,completed,2024-02-29,484.32,2.33,Good,Q4,9.56,0.58,5.0,0,62.4
955,2295,W5,Packing,24.12,90.51,1,350.79,failed,2023-01-25,,2.49,Fair,Q3,9.05,0.62,7.5,10,52.0
956,2511,W4,Packaging,18.82,100.0,1,557.7,completed,2023-03-31,557.7,3.19,Excellent,Q3,10.0,0.8,7.5,0,70.8
957,4483,W1,Packaging,17.65,90.82,3,675.7,completed,2026-03-11,675.7,3.4,Fair,Q4,9.08,0.85,2.5,0,55.2
958,3776,W2,Sorting,21.33,79.16,0,596.42,failed,2023-09-30,,2.81,Poor,Q2,7.92,0.7,10.0,10,54.5
959,3492,W3,Packaging,20.86,92.27,2,294.81,completed,2026-04-13,294.81,2.88,Good,Q4,9.23,0.72,5.0,0,61.6
960,1054,W4,Packing,12.39,95.26,0,603.37,completed,2024-04-21,603.37,4.84,Good,Q2,9.53,1.21,10.0,0,76.4
961,2214,W1,Picking,15.16,90.59,0,327.73,completed,2024-02-18,327.73,3.96,Fair,Q2,9.06,0.99,10.0,0,74.2
962,2817,W2,Packing,19.4,98.91,2,514.39,completed,2024-11-04,514.39,3.09,Excellent,Q4,9.89,0.77,5.0,0,64.0
963,4074,W2,Sorting,22.13,87.19,2,693.61,completed,2023-02-18,693.61,2.71,Fair,Q4,8.72,0.68,5.0,0,59.7
964,2017,W2,Sorting,16.8,88.67,2,781.26,completed,2024-03-31,781.26,3.57,Fair,Q4,8.87,0.89,5.0,0,60.8
965,1213,W5,Packing,24.46,93.75,3,811.31,completed,2023-10-17,811.31,2.45,Good,Q4,9.38,0.61,2.5,0,55.6
966,1967,W2,Packaging,22.3,84.7,0,793.06,completed,2025-11-05,793.06,2.69,Poor,Q2,8.47,0.67,10.0,0,71.3
967,2168,W1,Packing,14.59,100.0,1,222.89,pending,2026-03-26,,4.11,Excellent,Q3,10.0,1.03,7.5,5,63.8
968,2631,W4,Packaging,19.51,96.72,0,827.08,completed,2025-02-12,827.08,3.08,Good,Q2,9.67,0.77,10.0,0,75.8
969,1081,W2,Packing,12.46,89.88,1,677.62,completed,2025-02-20,677.62,4.82,Fair,Q3,8.99,1.2,7.5,0,68.2
970,3976,W4,Picking,5.97,100.0,0,142.59,pending,2023-12-26,,10.05,Excellent,Q2,10.0,2.51,10.0,5,73.8
971,2922,W3,Packing,13.56,94.81,0,129.11,completed,2024-02-05,129.11,4.42,Good,Q2,9.48,1.11,10.0,0,76.0
972,2657,W2,Packaging,18.81,95.18,0,327.51,completed,2025-05-01,327.51,3.19,Good,Q2,9.52,0.8,10.0,0,75.3
973,1509,W4,Sorting,12.94,100.0,3,843.71,completed,2025-02-27,843.71,4.64,Excellent,Q4,10.0,1.16,2.5,0,59.1
974,3958,W5,Packaging,25.5,86.67,2,777.43,completed,2024-12-14,777.43,2.35,Fair,Q4,8.67,0.59,5.0,0,59.3
975,2956,W5,Packing,20.43,89.62,0,221.07,completed,2023-03-12,221.07,2.94,Fair,Q2,8.96,0.73,10.0,0,73.2
976,3789,W3,Picking,19.87,94.5,0,395.32,completed,2023-10-29,395.32,3.02,Good,Q2,9.45,0.75,10.0,0,74.9
977,2574,W3,Packaging,26.76,92.31,3,553.07,completed,2025-03-25,553.07,2.24,Good,Q4,9.23,0.56,2.5,0,55.0
978,2035,W5,Picking,20.46,92.87,2,707.84,completed,2024-09-10,707.84,2.93,Good,Q4,9.29,0.73,5.0,0,61.8
979,3345,W5,Packing,20.76,81.95,4,106.24,completed,2024-12-06,106.24,2.89,Poor,Q4,8.2,0.72,0,0,45.5
980,1689,W2,Sorting,17.18,91.95,1,272.26,pending,2025-10-04,,3.49,Fair,Q3,9.2,0.87,7.5,5,60.6
981,2534,W1,Picking,13.78,92.69,0,157.48,completed,2024-01-17,157.48,4.35,Good,Q2,9.27,1.09,10.0,0,75.2
982,1870,W2,Packaging,13.29,89.07,1,488.52,completed,2024-01-16,488.52,4.51,Fair,Q3,8.91,1.13,7.5,0,67.8
983,3557,W2,Picking,19.99,90.37,3,383.01,pending,2023-08-12,,3.0,Fair,Q4,9.04,0.75,2.5,5,47.3
984,3398,W2,Picking,17.72,90.48,2,300.7,completed,2024-04-25,300.7,3.39,Fair,Q4,9.05,0.85,5.0,0,61.3
985,1171,W4,Packing,18.43,96.34,1,501.34,completed,2023-07-18,501.34,3.26,Good,Q3,9.63,0.81,7.5,0,69.5
986,2990,W2,Picking,18.2,82.65,0,236.97,completed,2025-08-27,236.97,3.3,Poor,Q2,8.27,0.82,10.0,0,71.0
987,2632,W3,Packing,16.3,90.36,0,316.61,completed,2025-02-14,316.61,3.68,Fair,Q2,9.04,0.92,10.0,0,73.9
988,3860,W5,Picking,23.19,96.36,0,17.58,failed,2025-04-02,,2.59,Good,Q2,9.64,0.65,10.0,10,60.4
989,3532,W2,Picking,21.55,90.43,0,322.64,completed,2025-08-31,322.64,2.78,Fair,Q2,9.04,0.7,10.0,0,73.4
990,2319,W5,Packing,12.88,94.3,1,801.52,completed,2023-02-04,801.52,4.66,Good,Q3,9.43,1.16,7.5,0,69.7
991,4252,W3,Picking,15.73,90.4,1,632.24,failed,2023-06-16,,3.81,Fair,Q3,9.04,0.95,7.5,10,52.8
992,3865,W3,Packing,23.93,97.94,0,564.71,failed,2023-07-25,,2.51,Excellent,Q2,9.79,0.63,10.0,10,60.8
993,1130,W4,Sorting,15.81,85.85,2,613.42,completed,2023-09-19,613.42,3.8,Fair,Q4,8.58,0.95,5.0,0,59.9
994,1688,W4,Picking,9.05,95.85,0,745.45,completed,2025-07-02,745.45,6.63,Good,Q2,9.58,1.66,10.0,0,77.7
995,2781,W1,Packing,17.8,97.35,1,89.68,completed,2023-03-01,89.68,3.37,Excellent,Q3,9.73,0.84,7.5,0,69.9
996,2950,W2,Sorting,14.46,88.59,1,230.12,cancelled,2023-09-10,,4.15,Fair,Q3,8.86,1.04,7.5,10,52.4
997,3637,W2,Packing,16.97,82.53,3,516.57,completed,2024-12-03,516.57,3.54,Poor,Q4,8.25,0.88,2.5,0,52.3
998,1955,W4,Packing,13.46,97.78,0,379.86,completed,2024-04-02,379.86,4.46,Excellent,Q2,9.78,1.11,10.0,0,77.0
999,3346,W3,Picking,19.89,98.75,0,801.58,completed,2025-01-23,801.58,3.02,Excellent,Q2,9.88,0.75,10.0,0,76.5
1000,3193,W2,Sorting,20.03,88.09,1,66.67,failed,2024-01-24,,3.0,Fair,Q3,8.81,0.75,7.5,10,51.5
1001,1909,W4,Packing,12.01,100.0,1,517.35,completed,2023-08-07,517.35,5.0,Excellent,Q3,10.0,1.25,7.5,0,71.9
1002,4429,W4,Picking,9.4,96.03,0,802.31,completed,2024-03-24,802.31,6.38,Good,Q2,9.6,1.6,10.0,0,77.6
1003,2311,W4,Packing,15.27,100.0,2,43.68,completed,2024-09-24,43.68,3.93,Excellent,Q4,10.0,0.98,5.0,0,65.0
1004,1883,W5,Picking,12.18,94.31,0,541.95,completed,2025-10-10,541.95,4.93,Good,Q2,9.43,1.23,10.0,0,76.1
1005,1921,W3,Packing,19.26,91.56,0,795.25,completed,2023-04-18,795.25,3.12,Fair,Q2,9.16,0.78,10.0,0,74.0
1006,1652,W2,Packing,11.1,87.87,3,776.83,pending,2023-02-14,,5.41,Fair,Q4,8.79,1.35,2.5,5,47.9
1007,2159,W5,Packing,14.94,77.65,1,455.75,completed,2024-08-01,455.75,4.02,Poor,Q3,7.77,1.0,7.5,0,63.4
1008,1221,W2,Packing,15.63,86.95,3,737.99,completed,2024-09-14,737.99,3.84,Fair,Q4,8.7,0.96,2.5,0,54.1
1009,1801,W4,Packaging,11.04,98.04,1,686.64,completed,2023-01-19,686.64,5.43,Excellent,Q3,9.8,1.36,7.5,0,71.4
1010,2749,W3,Picking,14.34,98.65,0,808.58,completed,2023-12-11,808.58,4.18,Excellent,Q2,9.87,1.05,10.0,0,77.2
1011,2776,W1,Picking,3.92,98.87,1,297.64,completed,2023-11-01,297.64,15.31,Excellent,Q3,9.89,3.83,7.5,0,77.9
1012,1706,W4,Packaging,20.45,96.67,2,589.47,completed,2025-02-07,589.47,2.93,Good,Q4,9.67,0.73,5.0,0,63.2
1013,1338,W1,Packing,15.25,92.0,0,115.2,cancelled,2023-09-07,,3.93,Good,Q2,9.2,0.98,10.0,10,59.6
1014,4052,W4,Packaging,12.47,91.72,0,243.56,completed,2023-07-13,243.56,4.81,Fair,Q2,9.17,1.2,10.0,0,75.1
1015,3923,W5,Packaging,28.79,89.5,1,286.57,completed,2026-01-05,286.57,2.08,Fair,Q3,8.95,0.52,7.5,0,66.4
1016,4326,W2,Packing,23.07,95.16,1,462.91,pending,2025-12-21,,2.6,Good,Q3,9.52,0.65,7.5,5,61.2
1017,3697,W4,Picking,8.39,94.99,0,643.75,completed,2023-08-29,643.75,7.15,Good,Q2,9.5,1.79,10.0,0,77.7
1018,3355,W2,Packaging,17.51,87.71,1,47.68,completed,2024-02-27,47.68,3.43,Fair,Q3,8.77,0.86,7.5,0,66.6
1019,3229,W2,Picking,19.59,91.94,2,318.57,completed,2023-12-18,318.57,3.06,Fair,Q4,9.19,0.77,5.0,0,61.6
1020,2201,W4,Picking,14.45,100.0,1,770.36,completed,2025-12-29,770.36,4.15,Excellent,Q3,10.0,1.04,7.5,0,71.3
1021,1859,W4,Packaging,14.34,91.82,2,464.4,completed,2023-07-22,464.4,4.18,Fair,Q4,9.18,1.05,5.0,0,62.3
1022,1549,W1,Packaging,16.59,100.0,2,194.7,completed,2026-05-18,194.7,3.62,Excellent,Q4,10.0,0.9,5.0,0,64.8
1023,3661,W5,Packaging,19.62,95.87,0,232.66,completed,2023-12-01,232.66,3.06,Good,Q2,9.59,0.76,10.0,0,75.5
1024,3195,W4,Packing,19.97,95.39,2,594.92,completed,2024-02-22,594.92,3.0,Good,Q4,9.54,0.75,5.0,0,62.8
1025,3477,W1,Sorting,17.73,90.33,0,700.12,failed,2023-12-02,,3.38,Fair,Q2,9.03,0.85,10.0,10,58.7
1026,2013,W4,Packaging,21.67,97.32,0,819.95,completed,2023-06-08,819.95,2.77,Excellent,Q2,9.73,0.69,10.0,0,75.8
1027,4186,W3,Picking,14.34,92.66,0,774.22,completed,2024-07-13,774.22,4.18,Good,Q2,9.27,1.05,10.0,0,75.1
1028,1430,W2,Packaging,21.9,100.0,3,200.56,completed,2023-09-10,200.56,2.74,Excellent,Q4,10.0,0.68,2.5,0,58.0
1029,2110,W2,Sorting,22.58,86.62,0,250.47,completed,2026-05-29,250.47,2.66,Fair,Q2,8.66,0.66,10.0,0,72.0
1030,4036,W1,Picking,21.1,100.0,0,303.22,completed,2025-12-24,303.22,2.84,Excellent,Q2,10.0,0.71,10.0,0,76.8
1031,2551,W5,Packing,22.08,89.0,1,120.52,completed,2026-03-08,120.52,2.72,Fair,Q3,8.9,0.68,7.5,0,66.6
1032,3777,W3,Picking,16.15,93.93,0,664.24,cancelled,2026-05-31,,3.72,Good,Q2,9.39,0.93,10.0,10,60.2
1033,3942,W4,Packing,25.92,94.88,0,372.18,completed,2024-04-13,372.18,2.31,Good,Q2,9.49,0.58,10.0,0,74.7
1034,1325,W3,Picking,16.34,93.52,1,90.27,failed,2023-06-07,,3.67,Good,Q3,9.35,0.92,7.5,10,53.8
1035,2736,W2,Picking,26.52,95.13,0,745.08,completed,2025-11-07,745.08,2.26,Good,Q2,9.51,0.57,10.0,0,74.7
1036,1510,W2,Packing,18.66,87.72,0,459.56,completed,2025-04-10,459.56,3.22,Fair,Q2,8.77,0.8,10.0,0,72.7
1037,4026,W1,Packaging,16.8,89.17,0,218.93,cancelled,2025-12-17,,3.57,Fair,Q2,8.92,0.89,10.0,10,58.4
1038,3144,W5,Picking,11.84,97.15,1,751.41,completed,2024-04-05,751.41,5.07,Excellent,Q3,9.71,1.27,7.5,0,70.9
1039,1463,W2,Picking,21.92,95.58,2,157.35,completed,2024-11-23,157.35,2.74,Good,Q4,9.56,0.68,5.0,0,62.7
1040,3585,W2,Picking,20.64,89.68,1,16.87,completed,2026-03-10,16.87,2.91,Fair,Q3,8.97,0.73,7.5,0,67.0
1041,3530,W4,Packaging,27.81,92.04,0,796.07,cancelled,2025-09-26,,2.16,Good,Q2,9.2,0.54,10.0,10,58.5
1042,2432,W1,Sorting,17.77,89.54,1,104.48,completed,2024-01-17,104.48,3.38,Fair,Q3,8.95,0.84,7.5,0,67.2
1043,2996,W4,Sorting,15.19,94.82,0,357.95,completed,2023-01-15,357.95,3.95,Good,Q2,9.48,0.99,10.0,0,75.7
1044,1746,W2,Sorting,19.86,85.63,2,372.67,completed,2026-01-03,372.67,3.02,Fair,Q4,8.56,0.76,5.0,0,59.4
1045,3904,W3,Picking,13.41,92.82,2,19.85,failed,2024-02-11,,4.47,Good,Q4,9.28,1.12,5.0,10,47.8
1046,1129,W1,Packaging,23.38,98.29,2,291.56,completed,2023-11-25,291.56,2.57,Excellent,Q4,9.83,0.64,5.0,0,63.5
1047,1521,W2,Packing,23.1,89.88,0,584.25,failed,2024-10-27,,2.6,Fair,Q2,8.99,0.65,10.0,10,58.1
1048,2409,W4,Packing,17.4,100.0,0,120.31,completed,2025-10-21,120.31,3.45,Excellent,Q2,10.0,0.86,10.0,0,77.2
1049,2155,W1,Packaging,19.55,91.78,0,415.96,completed,2025-09-22,415.96,3.07,Fair,Q2,9.18,0.77,10.0,0,74.1
1050,4140,W1,Packing,17.24,97.35,2,223.3,completed,2023-08-24,223.3,3.48,Excellent,Q4,9.73,0.87,5.0,0,63.7
1051,3503,W3,Packaging,12.49,96.55,1,624.93,completed,2024-01-07,624.93,4.8,Good,Q3,9.66,1.2,7.5,0,70.6
1052,1598,W2,Packaging,17.72,91.75,1,841.98,completed,2025-05-23,841.98,3.39,Fair,Q3,9.18,0.85,7.5,0,68.0
1053,2376,W1,Packaging,21.85,96.79,0,208.24,completed,2025-05-22,208.24,2.75,Good,Q2,9.68,0.69,10.0,0,75.6
1054,2149,W4,Picking,21.84,96.09,0,239.82,completed,2024-12-19,239.82,2.75,Good,Q2,9.61,0.69,10.0,0,75.4
1055,2933,W4,Packaging,17.78,96.74,2,192.0,completed,2024-07-27,192.0,3.37,Good,Q4,9.67,0.84,5.0,0,63.4
1056,1456,W5,Picking,22.46,91.23,3,294.13,completed,2023-07-18,294.13,2.67,Fair,Q4,9.12,0.67,2.5,0,54.8
1057,3663,W1,Packaging,16.74,91.72,1,325.28,completed,2024-07-19,325.28,3.58,Fair,Q3,9.17,0.9,7.5,0,68.1
1058,1168,W2,Packing,14.57,94.52,2,517.53,completed,2026-04-16,517.53,4.12,Good,Q4,9.45,1.03,5.0,0,63.1
1059,4117,W2,Packaging,21.76,90.29,0,620.67,completed,2024-02-18,620.67,2.76,Fair,Q2,9.03,0.69,10.0,0,73.3
1060,4110,W5,Packaging,19.68,91.31,3,225.86,completed,2026-02-21,225.86,3.05,Fair,Q4,9.13,0.76,2.5,0,55.1
1061,3063,W3,Sorting,17.16,83.29,2,792.66,completed,2023-02-14,792.66,3.5,Poor,Q4,8.33,0.87,5.0,0,58.8
1062,4253,W2,Sorting,23.95,89.14,2,487.76,completed,2024-01-25,487.76,2.51,Fair,Q4,8.91,0.63,5.0,0,60.3
1063,4192,W4,Packing,26.15,87.73,2,335.77,completed,2025-03-10,335.77,2.29,Fair,Q4,8.77,0.57,5.0,0,59.6
1064,1036,W4,Sorting,25.39,98.91,1,509.41,completed,2025-11-16,509.41,2.36,Excellent,Q3,9.89,0.59,7.5,0,69.8
1065,1975,W4,Sorting,19.65,99.87,0,53.09,completed,2024-08-20,53.09,3.05,Excellent,Q2,9.99,0.76,10.0,0,76.9
1066,1211,W1,Packaging,16.01,95.13,1,744.27,failed,2024-05-24,,3.75,Good,Q3,9.51,0.94,7.5,10,54.4
1067,3249,W2,Picking,14.88,97.26,0,604.06,completed,2024-06-24,604.06,4.03,Excellent,Q2,9.73,1.01,10.0,0,76.6
1068,1042,W2,Packing,22.13,86.87,5,537.67,cancelled,2024-12-29,,2.71,Fair,Q4,8.69,0.68,0,10,32.1
1069,1435,W2,Sorting,27.91,87.42,4,666.73,completed,2025-02-21,666.73,2.15,Fair,Q4,8.74,0.54,0,0,46.9
1070,4308,W3,Packaging,16.45,95.18,2,500.69,pending,2025-03-20,,3.65,Good,Q4,9.52,0.91,5.0,5,55.6
1071,1757,W2,Packing,19.89,86.31,2,166.56,completed,2023-12-27,166.56,3.02,Fair,Q4,8.63,0.75,5.0,0,59.6
1072,1727,W2,Packing,19.32,91.48,2,273.98,failed,2025-03-18,,3.11,Fair,Q4,9.15,0.78,5.0,10,46.5
1073,3157,W5,Packaging,24.37,90.81,4,98.7,completed,2023-10-09,98.7,2.46,Fair,Q4,9.08,0.62,0,0,48.3
1074,3639,W1,Picking,8.63,100.0,1,652.48,completed,2023-03-31,652.48,6.95,Excellent,Q3,10.0,1.74,7.5,0,73.1
1075,4242,W2,Packaging,18.69,100.0,0,22.85,pending,2023-08-06,,3.21,Excellent,Q2,10.0,0.8,10.0,5,69.5
1076,2819,W5,Sorting,17.61,88.69,2,649.33,cancelled,2023-12-01,,3.41,Fair,Q4,8.87,0.85,5.0,10,45.7
1077,1182,W3,Sorting,19.64,96.91,1,32.71,completed,2023-07-30,32.71,3.05,Good,Q3,9.69,0.76,7.5,0,69.6
1078,1918,W5,Sorting,29.03,89.93,1,16.01,completed,2023-02-19,16.01,2.07,Fair,Q3,8.99,0.52,7.5,0,66.5
1079,3928,W2,Packing,18.11,92.72,3,588.45,completed,2023-08-19,588.45,3.31,Good,Q4,9.27,0.83,2.5,0,55.8
1080,1312,W4,Packaging,12.81,98.0,4,250.31,failed,2026-06-14,,4.68,Excellent,Q4,9.8,1.17,0,10,37.2
1081,2371,W3,Picking,18.27,95.63,1,372.9,completed,2026-05-13,372.9,3.28,Good,Q3,9.56,0.82,7.5,0,69.3
1082,2426,W2,Packing,21.37,88.42,0,697.66,completed,2023-08-01,697.66,2.81,Fair,Q2,8.84,0.7,10.0,0,72.7
1083,1608,W3,Packing,26.52,90.71,1,16.82,completed,2023-10-28,16.82,2.26,Fair,Q3,9.07,0.57,7.5,0,66.9
1084,1275,W3,Packaging,15.67,93.34,0,414.49,completed,2023-08-20,414.49,3.83,Good,Q2,9.33,0.96,10.0,0,75.1
1085,2307,W5,Packing,21.21,90.31,2,336.49,failed,2025-10-09,,2.83,Fair,Q4,9.03,0.71,5.0,10,45.9
1086,4285,W4,Packing,16.9,89.41,2,293.44,completed,2024-05-18,293.44,3.55,Fair,Q4,8.94,0.89,5.0,0,61.0
1087,3928,W4,Packing,11.35,94.38,0,84.82,completed,2025-05-13,84.82,5.29,Good,Q2,9.44,1.32,10.0,0,76.3
1088,1070,W5,Packaging,20.18,89.53,1,844.91,completed,2025-01-12,844.91,2.97,Fair,Q3,8.95,0.74,7.5,0,66.9
1089,4354,W5,Packing,23.14,87.93,0,738.76,failed,2023-10-13,,2.59,Fair,Q2,8.79,0.65,10.0,10,57.4
1090,1993,W3,Packing,26.09,100.0,0,777.32,completed,2024-03-07,777.32,2.3,Excellent,Q2,10.0,0.57,10.0,0,76.4
1091,2739,W2,Picking,24.51,96.95,2,596.26,pending,2025-01-31,,2.45,Good,Q4,9.7,0.61,5.0,5,55.5
1092,1123,W1,Picking,22.16,100.0,1,741.85,completed,2023-10-28,741.85,2.71,Excellent,Q3,10.0,0.68,7.5,0,70.5
1093,4045,W3,Packaging,23.34,97.02,1,167.32,completed,2023-10-14,167.32,2.57,Excellent,Q3,9.7,0.64,7.5,0,69.3
1094,1054,W5,Sorting,20.18,86.06,0,553.45,completed,2024-08-10,553.45,2.97,Fair,Q2,8.61,0.74,10.0,0,72.0
1095,2735,W1,Packaging,12.74,91.25,1,345.99,completed,2025-07-19,345.99,4.71,Fair,Q3,9.12,1.18,7.5,0,68.6
1096,1642,W5,Sorting,25.42,80.51,2,368.76,cancelled,2024-07-10,,2.36,Poor,Q4,8.05,0.59,5.0,10,42.1
1097,4055,W1,Packing,20.04,96.55,0,168.38,failed,2026-02-19,,2.99,Good,Q2,9.66,0.75,10.0,10,60.7
1098,4388,W5,Picking,17.41,87.9,1,550.98,pending,2025-02-18,,3.45,Fair,Q3,8.79,0.86,7.5,5,59.2
1099,4467,W2,Picking,16.81,90.7,1,518.66,pending,2024-11-18,,3.57,Fair,Q3,9.07,0.89,7.5,5,60.2
1100,4098,W1,Packaging,18.27,94.08,0,513.59,completed,2024-09-25,513.59,3.28,Good,Q2,9.41,0.82,10.0,0,75.0
1101,4236,W2,Packaging,23.88,91.64,3,485.72,completed,2025-09-17,485.72,2.51,Fair,Q4,9.16,0.63,2.5,0,54.9
1102,2156,W1,Picking,14.86,97.79,0,312.8,completed,2025-03-26,312.8,4.04,Excellent,Q2,9.78,1.01,10.0,0,76.8
1103,4036,W5,Packaging,17.37,91.88,3,291.65,completed,2025-10-28,291.65,3.45,Fair,Q4,9.19,0.86,2.5,0,55.6
1104,1153,W1,Packaging,22.45,96.8,0,740.46,completed,2024-08-17,740.46,2.67,Good,Q2,9.68,0.67,10.0,0,75.6
1105,3791,W2,Packaging,26.17,93.66,2,195.07,completed,2023-10-16,195.07,2.29,Good,Q4,9.37,0.57,5.0,0,61.7
1106,2764,W2,Sorting,20.74,90.55,2,535.6,completed,2023-03-23,535.6,2.89,Fair,Q4,9.05,0.72,5.0,0,61.0
1107,4296,W4,Packaging,14.88,95.39,1,430.43,completed,2023-01-31,430.43,4.03,Good,Q3,9.54,1.01,7.5,0,69.7
1108,1385,W2,Sorting,27.55,95.14,1,87.79,completed,2025-07-20,87.79,2.18,Good,Q3,9.51,0.54,7.5,0,68.4
1109,4161,W3,Packaging,19.74,97.35,0,164.62,failed,2025-08-01,,3.04,Excellent,Q2,9.73,0.76,10.0,10,61.0
1110,1507,W3,Packing,19.84,94.06,0,786.67,failed,2026-03-10,,3.02,Good,Q2,9.41,0.76,10.0,10,59.8
1111,3099,W4,Picking,14.03,100.0,0,383.09,completed,2024-10-04,383.09,4.28,Excellent,Q2,10.0,1.07,10.0,0,77.7
1112,3795,W3,Picking,11.24,93.28,0,746.07,completed,2023-03-29,746.07,5.34,Good,Q2,9.33,1.33,10.0,0,76.0
1113,1648,W5,Picking,20.1,98.72,4,257.7,pending,2026-03-13,,2.99,Excellent,Q4,9.87,0.75,0,5,43.9
1114,2918,W4,Picking,15.69,100.0,0,306.36,completed,2025-12-31,306.36,3.82,Excellent,Q2,10.0,0.96,10.0,0,77.4
1115,2346,W4,Picking,13.92,89.32,2,181.56,completed,2023-05-13,181.56,4.31,Fair,Q4,8.93,1.08,5.0,0,61.5
1116,2140,W3,Sorting,15.4,85.7,1,412.64,failed,2025-07-19,,3.9,Fair,Q3,8.57,0.97,7.5,10,51.2
1117,1255,W1,Packaging,19.11,97.7,0,661.46,failed,2025-01-10,,3.14,Excellent,Q2,9.77,0.78,10.0,10,61.1
1118,2732,W4,Packing,10.83,95.71,1,648.44,completed,2024-07-06,648.44,5.54,Good,Q3,9.57,1.39,7.5,0,70.7
1119,3149,W3,Packaging,22.22,96.32,0,742.53,completed,2024-03-14,742.53,2.7,Good,Q2,9.63,0.68,10.0,0,75.4
1120,4085,W3,Packaging,25.13,100.0,2,300.59,pending,2024-08-31,,2.39,Excellent,Q4,10.0,0.6,5.0,5,56.5
1121,2452,W2,Packaging,15.04,93.21,1,596.74,completed,2026-03-14,596.74,3.99,Good,Q3,9.32,1.0,7.5,0,68.9
1122,3369,W4,Picking,12.46,100.0,0,618.47,completed,2026-06-16,618.47,4.82,Excellent,Q2,10.0,1.2,10.0,0,78.0
1123,2878,W2,Sorting,25.43,82.47,2,26.85,completed,2023-10-30,26.85,2.36,Poor,Q4,8.25,0.59,5.0,0,57.9
1124,1015,W4,Sorting,10.96,97.71,0,449.78,completed,2025-07-11,449.78,5.47,Excellent,Q2,9.77,1.37,10.0,0,77.6
1125,4171,W2,Packing,19.4,89.58,1,596.53,completed,2023-12-07,596.53,3.09,Fair,Q3,8.96,0.77,7.5,0,67.0
1126,1058,W5,Packing,18.38,89.25,2,582.49,completed,2025-01-28,582.49,3.26,Fair,Q4,8.92,0.82,5.0,0,60.8
1127,2695,W3,Picking,13.16,100.0,1,849.21,completed,2025-04-20,849.21,4.56,Excellent,Q3,10.0,1.14,7.5,0,71.6
1128,1720,W3,Sorting,23.55,82.24,3,295.42,pending,2025-07-28,,2.55,Poor,Q4,8.22,0.64,2.5,5,44.1
1129,2791,W4,Sorting,13.02,90.89,0,589.94,completed,2024-08-03,589.94,4.61,Fair,Q2,9.09,1.15,10.0,0,74.7
1130,3524,W5,Picking,26.34,91.94,0,557.44,failed,2025-04-22,,2.28,Fair,Q2,9.19,0.57,10.0,10,58.6
1131,3734,W1,Packing,13.13,91.08,0,687.9,pending,2024-08-16,,4.57,Fair,Q2,9.11,1.14,10.0,5,67.2
1132,2923,W4,Packaging,12.0,92.64,1,178.29,completed,2023-09-12,178.29,5.0,Good,Q3,9.26,1.25,7.5,0,69.3
1133,1917,W3,Packing,21.54,88.06,1,327.83,completed,2025-11-05,327.83,2.79,Fair,Q3,8.81,0.7,7.5,0,66.3
1134,2698,W3,Sorting,18.78,91.21,3,678.94,cancelled,2024-05-09,,3.19,Fair,Q4,9.12,0.8,2.5,10,40.2
1135,2300,W1,Packing,26.32,95.76,1,633.94,completed,2024-11-17,633.94,2.28,Good,Q3,9.58,0.57,7.5,0,68.7
1136,4393,W2,Packing,15.51,92.68,1,553.1,completed,2023-04-16,553.1,3.87,Good,Q3,9.27,0.97,7.5,0,68.6
1137,2791,W5,Packing,12.58,80.28,3,446.93,completed,2024-04-18,446.93,4.77,Poor,Q4,8.03,1.19,2.5,0,52.3
1138,3569,W1,Packaging,26.61,90.75,0,718.93,completed,2024-06-16,718.93,2.25,Fair,Q2,9.07,0.56,10.0,0,73.1
1139,1113,W5,Packaging,21.63,91.2,0,510.4,failed,2026-06-19,,2.77,Fair,Q2,9.12,0.69,10.0,10,58.6
1140,3598,W5,Picking,22.5,97.73,1,836.15,completed,2025-01-03,836.15,2.67,Excellent,Q3,9.77,0.67,7.5,0,69.6
1141,2548,W2,Packaging,20.58,93.58,2,688.93,completed,2024-06-17,688.93,2.92,Good,Q4,9.36,0.73,5.0,0,62.1
1142,1423,W1,Sorting,12.02,93.34,1,837.31,completed,2023-08-16,837.31,4.99,Good,Q3,9.33,1.25,7.5,0,69.5
1143,4433,W4,Picking,13.05,100.0,1,316.77,completed,2024-03-01,316.77,4.6,Excellent,Q3,10.0,1.15,7.5,0,71.6
1144,1312,W4,Picking,18.41,99.75,0,815.95,completed,2024-03-06,815.95,3.26,Excellent,Q2,9.98,0.81,10.0,0,77.0
1145,3701,W4,Packing,13.34,92.24,1,769.54,cancelled,2026-03-07,,4.5,Good,Q3,9.22,1.12,7.5,10,53.8
1146,3457,W5,Picking,23.37,89.27,2,845.75,completed,2026-01-24,845.75,2.57,Fair,Q4,8.93,0.64,5.0,0,60.4
1147,4116,W1,Packaging,16.93,97.54,0,447.53,completed,2023-11-09,447.53,3.54,Excellent,Q2,9.75,0.89,10.0,0,76.3
1148,3980,W2,Sorting,17.97,89.03,3,198.5,completed,2023-09-17,198.5,3.34,Fair,Q4,8.9,0.83,2.5,0,54.5
1149,3030,W3,Sorting,23.83,90.83,0,637.24,completed,2025-06-12,637.24,2.52,Fair,Q2,9.08,0.63,10.0,0,73.4
1150,3938,W5,Packing,20.27,88.6,2,721.44,cancelled,2024-07-29,,2.96,Fair,Q4,8.86,0.74,5.0,10,45.4
1151,2827,W4,Picking,15.65,94.76,1,422.34,completed,2025-05-17,422.34,3.83,Good,Q3,9.48,0.96,7.5,0,69.3
1152,3323,W5,Sorting,10.88,82.88,0,373.48,pending,2024-12-23,,5.51,Poor,Q2,8.29,1.38,10.0,5,65.0
1153,3642,W3,Picking,26.08,89.95,0,519.24,completed,2025-12-22,519.24,2.3,Fair,Q2,9.0,0.58,10.0,0,73.0
1154,2465,W3,Packing,23.33,95.21,2,675.4,completed,2024-05-17,675.4,2.57,Good,Q4,9.52,0.64,5.0,0,62.4
1155,2347,W1,Packaging,10.97,100.0,1,24.1,completed,2024-03-13,24.1,5.47,Excellent,Q3,10.0,1.37,7.5,0,72.2
1156,3159,W4,Sorting,21.24,90.04,0,517.5,cancelled,2024-03-21,,2.82,Fair,Q2,9.0,0.71,10.0,10,58.3
1157,3794,W1,Sorting,27.36,90.4,0,554.64,completed,2025-06-10,554.64,2.19,Fair,Q2,9.04,0.55,10.0,0,73.0
1158,2124,W3,Sorting,13.65,96.34,1,54.07,completed,2025-05-12,54.07,4.4,Good,Q3,9.63,1.1,7.5,0,70.2
1159,4208,W1,Picking,10.43,94.12,0,29.89,completed,2026-03-25,29.89,5.75,Good,Q2,9.41,1.44,10.0,0,76.5
1160,3160,W1,Packing,18.63,96.81,0,763.02,completed,2023-03-22,763.02,3.22,Good,Q2,9.68,0.81,10.0,0,75.9
1161,2639,W3,Picking,23.84,100.0,0,644.33,completed,2023-06-13,644.33,2.52,Excellent,Q2,10.0,0.63,10.0,0,76.6
1162,3020,W5,Sorting,18.85,90.02,2,836.61,completed,2023-09-06,836.61,3.18,Fair,Q4,9.0,0.8,5.0,0,61.0
1163,2784,W3,Picking,17.09,96.57,1,589.15,completed,2024-04-08,589.15,3.51,Good,Q3,9.66,0.88,7.5,0,69.8
1164,1020,W2,Picking,21.51,95.94,0,768.91,completed,2023-04-18,768.91,2.79,Good,Q2,9.59,0.7,10.0,0,75.3
1165,2105,W3,Picking,18.27,95.88,0,693.43,completed,2023-12-15,693.43,3.28,Good,Q2,9.59,0.82,10.0,0,75.6
1166,4482,W2,Packing,26.65,89.14,2,502.75,completed,2025-04-26,502.75,2.25,Fair,Q4,8.91,0.56,5.0,0,60.1
1167,2977,W4,Picking,15.54,100.0,0,660.16,completed,2024-04-07,660.16,3.86,Excellent,Q2,10.0,0.97,10.0,0,77.4
1168,1992,W1,Sorting,19.05,91.9,0,712.68,pending,2024-02-26,,3.15,Fair,Q2,9.19,0.79,10.0,5,66.6
1169,1428,W1,Picking,16.56,97.54,1,171.91,failed,2024-11-28,,3.62,Excellent,Q3,9.75,0.91,7.5,10,55.1
1170,3066,W2,Sorting,30.83,86.63,3,143.59,pending,2023-08-05,,1.95,Fair,Q4,8.66,0.49,2.5,5,45.3
1171,1281,W2,Packaging,15.87,93.89,0,349.17,cancelled,2024-07-23,,3.78,Good,Q2,9.39,0.95,10.0,10,60.2
1172,2888,W4,Packaging,14.09,100.0,0,100.22,completed,2023-08-08,100.22,4.26,Excellent,Q2,10.0,1.06,10.0,0,77.7
1173,1484,W1,Packaging,13.18,96.27,0,308.88,completed,2026-02-01,308.88,4.55,Good,Q2,9.63,1.14,10.0,0,76.6
1174,1217,W1,Sorting,19.71,95.56,2,439.12,completed,2025-06-22,439.12,3.04,Good,Q4,9.56,0.76,5.0,0,62.9
1175,3433,W3,Sorting,14.57,86.68,0,351.25,completed,2024-07-19,351.25,4.12,Fair,Q2,8.67,1.03,10.0,0,72.9
1176,1454,W5,Packing,23.55,89.59,2,222.87,completed,2024-03-25,222.87,2.55,Fair,Q4,8.96,0.64,5.0,0,60.5
1177,3865,W1,Picking,12.51,95.95,0,751.97,cancelled,2025-04-08,,4.8,Good,Q2,9.6,1.2,10.0,10,61.6
1178,1842,W4,Packing,16.2,94.67,0,239.0,completed,2023-12-17,239.0,3.7,Good,Q2,9.47,0.93,10.0,0,75.5
1179,3548,W2,Sorting,20.67,85.13,2,773.0,completed,2025-09-03,773.0,2.9,Fair,Q4,8.51,0.73,5.0,0,59.1
1180,2864,W3,Packaging,17.66,93.59,0,292.35,completed,2023-10-18,292.35,3.4,Good,Q2,9.36,0.85,10.0,0,74.9
1181,1039,W1,Packing,31.02,96.01,1,649.82,completed,2026-05-01,649.82,1.93,Good,Q3,9.6,0.48,7.5,0,68.6
1182,4354,W3,Packing,16.12,90.69,1,106.34,completed,2023-02-05,106.34,3.72,Fair,Q3,9.07,0.93,7.5,0,67.8
1183,4015,W5,Sorting,19.81,86.42,2,269.34,pending,2024-11-18,,3.03,Fair,Q4,8.64,0.76,5.0,5,52.1
1184,2492,W4,Packing,18.77,98.58,0,421.22,pending,2025-07-28,,3.2,Excellent,Q2,9.86,0.8,10.0,5,69.0
1185,2983,W1,Sorting,15.77,96.98,0,719.49,completed,2023-08-19,719.49,3.8,Good,Q2,9.7,0.95,10.0,0,76.3
1186,2463,W3,Picking,7.82,94.01,1,845.06,completed,2025-10-16,845.06,7.67,Good,Q3,9.4,1.92,7.5,0,71.4
1187,2547,W1,Packaging,15.23,91.5,1,783.74,completed,2023-08-10,783.74,3.94,Fair,Q3,9.15,0.98,7.5,0,68.2
1188,2428,W3,Packing,20.28,95.47,0,775.12,failed,2024-11-09,,2.96,Good,Q2,9.55,0.74,10.0,10,60.3
1189,1503,W4,Packing,16.47,98.07,0,711.53,failed,2025-06-06,,3.64,Excellent,Q2,9.81,0.91,10.0,10,61.6
1190,2910,W4,Sorting,14.47,98.32,0,587.41,completed,2023-11-04,587.41,4.15,Excellent,Q2,9.83,1.04,10.0,0,77.0
1191,1167,W5,Sorting,20.62,83.88,1,28.02,completed,2024-03-21,28.02,2.91,Poor,Q3,8.39,0.73,7.5,0,64.9
1192,1002,W3,Picking,25.11,94.94,2,566.31,completed,2023-04-13,566.31,2.39,Good,Q4,9.49,0.6,5.0,0,62.2
1193,1352,W3,Packaging,15.55,100.0,0,144.46,completed,2024-07-08,144.46,3.86,Excellent,Q2,10.0,0.96,10.0,0,77.4
1194,2452,W2,Packaging,12.62,93.89,1,41.83,completed,2024-05-24,41.83,4.75,Good,Q3,9.39,1.19,7.5,0,69.6
1195,2785,W4,Packing,25.71,90.71,2,159.71,completed,2024-10-22,159.71,2.33,Fair,Q4,9.07,0.58,5.0,0,60.7
1196,2233,W5,Packaging,17.76,90.17,2,477.83,completed,2024-09-16,477.83,3.38,Fair,Q4,9.02,0.84,5.0,0,61.2
1197,1567,W1,Sorting,14.45,89.17,0,379.81,completed,2025-12-14,379.81,4.15,Fair,Q2,8.92,1.04,10.0,0,73.8
1198,2910,W4,Sorting,25.38,92.21,0,310.75,completed,2025-05-11,310.75,2.36,Good,Q2,9.22,0.59,10.0,0,73.7
1199,2238,W4,Packing,5.29,91.86,0,528.7,completed,2024-05-11,528.7,11.34,Fair,Q2,9.19,2.84,10.0,0,79.3
1200,4093,W5,Sorting,26.8,81.82,1,259.94,completed,2025-03-15,259.94,2.24,Poor,Q3,8.18,0.56,7.5,0,63.8
1201,2106,W2,Packing,12.35,91.67,0,85.69,completed,2023-08-08,85.69,4.86,Fair,Q2,9.17,1.21,10.0,0,75.1
1202,1497,W3,Picking,15.32,90.78,0,736.7,pending,2026-04-12,,3.92,Fair,Q2,9.08,0.98,10.0,5,66.7
1203,3620,W5,Picking,13.41,90.78,2,762.37,completed,2023-11-13,762.37,4.47,Fair,Q4,9.08,1.12,5.0,0,62.1
1204,1822,W3,Sorting,18.85,98.57,0,535.76,completed,2023-08-23,535.76,3.18,Excellent,Q2,9.86,0.8,10.0,0,76.5
1205,3071,W1,Picking,20.21,93.98,0,35.59,completed,2025-06-27,35.59,2.97,Good,Q2,9.4,0.74,10.0,0,74.8
1206,1962,W4,Picking,17.54,96.78,2,168.68,cancelled,2026-01-24,,3.42,Good,Q4,9.68,0.86,5.0,10,48.5
1207,3692,W3,Packing,14.26,90.84,0,698.49,cancelled,2024-05-07,,4.21,Fair,Q2,9.08,1.05,10.0,10,59.4
1208,3019,W2,Packaging,17.59,89.52,3,815.84,completed,2025-01-22,815.84,3.41,Fair,Q4,8.95,0.85,2.5,0,54.7
1209,1492,W3,Packing,19.92,89.45,1,251.66,completed,2026-03-01,251.66,3.01,Fair,Q3,8.95,0.75,7.5,0,66.9
1210,2820,W4,Picking,12.59,100.0,1,563.75,completed,2023-03-29,563.75,4.77,Excellent,Q3,10.0,1.19,7.5,0,71.7
1211,3061,W3,Packaging,16.92,91.43,2,729.63,completed,2024-03-07,729.63,3.55,Fair,Q4,9.14,0.89,5.0,0,61.7
1212,3306,W3,Packing,17.66,94.75,1,562.7,completed,2024-11-25,562.7,3.4,Good,Q3,9.47,0.85,7.5,0,69.0
1213,2542,W4,Packaging,16.74,93.01,0,553.69,completed,2025-08-24,553.69,3.58,Good,Q2,9.3,0.9,10.0,0,74.8
1214,1530,W5,Packaging,27.88,95.71,0,453.74,completed,2024-10-25,453.74,2.15,Good,Q2,9.57,0.54,10.0,0,74.8
1215,3724,W5,Sorting,23.7,85.49,4,208.47,completed,2023-08-06,208.47,2.53,Fair,Q4,8.55,0.63,0,0,46.5
1216,4258,W4,Packing,18.5,96.3,3,780.92,completed,2024-04-29,780.92,3.24,Good,Q4,9.63,0.81,2.5,0,57.0
1217,1153,W1,Packaging,6.95,100.0,1,224.15,pending,2023-05-30,,8.63,Excellent,Q3,10.0,2.16,7.5,5,66.7
1218,3861,W4,Sorting,17.36,98.59,0,283.17,completed,2025-07-09,283.17,3.46,Excellent,Q2,9.86,0.86,10.0,0,76.7
1219,1824,W4,Packaging,13.41,95.21,0,253.88,failed,2023-11-28,,4.47,Good,Q2,9.52,1.12,10.0,10,61.1
1220,1136,W4,Packaging,21.76,100.0,1,95.33,completed,2023-10-15,95.33,2.76,Excellent,Q3,10.0,0.69,7.5,0,70.5
1221,3983,W1,Sorting,9.71,89.47,0,814.72,pending,2025-12-17,,6.18,Fair,Q2,8.95,1.54,10.0,5,67.7
1222,3533,W4,Packaging,22.78,92.3,0,309.01,pending,2026-02-18,,2.63,Good,Q2,9.23,0.66,10.0,5,66.5
1223,1413,W2,Picking,11.63,87.03,0,446.9,completed,2023-08-30,446.9,5.16,Fair,Q2,8.7,1.29,10.0,0,73.7
1224,2187,W4,Packaging,15.3,95.57,0,700.81,completed,2024-05-29,700.81,3.92,Good,Q2,9.56,0.98,10.0,0,75.9
1225,3503,W4,Sorting,27.27,86.11,2,727.42,completed,2025-10-21,727.42,2.2,Fair,Q4,8.61,0.55,5.0,0,59.0
1226,2077,W3,Packing,21.16,85.61,0,501.62,completed,2023-03-03,501.62,2.84,Fair,Q2,8.56,0.71,10.0,0,71.7
1227,2350,W1,Sorting,22.0,100.0,2,697.0,completed,2023-05-08,697.0,2.73,Excellent,Q4,10.0,0.68,5.0,0,64.2
1228,4135,W2,Packing,21.83,98.31,0,602.08,completed,2023-03-14,602.08,2.75,Excellent,Q2,9.83,0.69,10.0,0,76.1
1229,2108,W3,Picking,10.78,93.21,2,805.41,failed,2023-03-27,,5.57,Good,Q4,9.32,1.39,5.0,10,48.6
1230,4201,W1,Picking,18.87,97.88,1,413.79,completed,2024-04-11,413.79,3.18,Excellent,Q3,9.79,0.79,7.5,0,70.0
1231,1074,W1,Picking,16.46,94.71,0,585.8,completed,2026-02-05,585.8,3.65,Good,Q2,9.47,0.91,10.0,0,75.4
1232,3250,W4,Picking,12.13,96.72,1,600.62,completed,2023-10-10,600.62,4.95,Good,Q3,9.67,1.24,7.5,0,70.7
1233,1975,W1,Packing,9.52,88.85,0,781.59,completed,2024-04-20,781.59,6.3,Fair,Q2,8.88,1.58,10.0,0,75.0
1234,3326,W1,Picking,19.48,97.17,0,677.31,completed,2023-04-04,677.31,3.08,Excellent,Q2,9.72,0.77,10.0,0,75.9
1235,3683,W1,Packaging,19.31,96.46,1,306.97,pending,2024-05-15,,3.11,Good,Q3,9.65,0.78,7.5,5,62.0
1236,2024,W3,Packaging,18.96,92.57,1,79.13,completed,2026-01-18,79.13,3.16,Good,Q3,9.26,0.79,7.5,0,68.1
1237,2502,W2,Packing,24.74,82.23,2,267.77,completed,2026-02-03,267.77,2.43,Poor,Q4,8.22,0.61,5.0,0,57.8
1238,1221,W3,Packaging,13.4,93.92,3,435.38,completed,2024-12-10,435.38,4.48,Good,Q4,9.39,1.12,2.5,0,56.9
1239,1863,W4,Packing,17.78,97.58,1,634.49,completed,2023-09-09,634.49,3.37,Excellent,Q3,9.76,0.84,7.5,0,70.0
1240,1467,W3,Packaging,17.05,95.0,2,653.1,completed,2023-02-13,653.1,3.52,Good,Q4,9.5,0.88,5.0,0,63.0
1241,2572,W4,Picking,11.61,96.42,1,728.57,completed,2025-10-11,728.57,5.17,Good,Q3,9.64,1.29,7.5,0,70.7
1242,2765,W1,Packing,17.22,97.21,1,169.0,completed,2025-12-26,169.0,3.48,Excellent,Q3,9.72,0.87,7.5,0,69.9
1243,4392,W1,Sorting,19.76,83.42,3,295.74,completed,2024-06-21,295.74,3.04,Poor,Q4,8.34,0.76,2.5,0,52.3
1244,2751,W5,Packaging,16.51,85.43,3,377.45,pending,2023-04-27,,3.63,Fair,Q4,8.54,0.91,2.5,5,45.9
1245,3945,W1,Packing,21.35,93.24,2,368.9,failed,2026-03-09,,2.81,Good,Q4,9.32,0.7,5.0,10,46.9
1246,1540,W5,Sorting,22.45,81.94,3,787.09,completed,2023-02-01,787.09,2.67,Poor,Q4,8.19,0.67,2.5,0,51.6
1247,2481,W3,Sorting,19.4,96.9,0,528.98,completed,2024-07-04,528.98,3.09,Good,Q2,9.69,0.77,10.0,0,75.8
1248,1732,W3,Picking,20.67,93.2,0,235.87,completed,2025-06-27,235.87,2.9,Good,Q2,9.32,0.73,10.0,0,74.4
1249,1239,W4,Picking,2.49,100.0,0,196.9,completed,2026-04-01,196.9,24.1,Excellent,Q2,10.0,6.02,10.0,0,90.0
1250,2056,W1,Sorting,20.0,83.41,0,382.77,cancelled,2024-07-19,,3.0,Poor,Q2,8.34,0.75,10.0,10,56.1
1251,1157,W3,Packing,16.27,92.05,0,110.56,completed,2024-01-13,110.56,3.69,Good,Q2,9.21,0.92,10.0,0,74.5
1252,3926,W5,Packing,20.52,94.74,2,65.78,completed,2024-06-14,65.78,2.92,Good,Q4,9.47,0.73,5.0,0,62.5
1253,1317,W3,Picking,19.32,93.49,0,307.02,completed,2025-11-04,307.02,3.11,Good,Q2,9.35,0.78,10.0,0,74.7
1254,4369,W4,Picking,8.56,98.49,1,325.09,completed,2025-05-01,325.09,7.01,Excellent,Q3,9.85,1.75,7.5,0,72.6
1255,3670,W1,Packing,20.37,97.38,1,355.79,cancelled,2025-02-06,,2.95,Excellent,Q3,9.74,0.74,7.5,10,54.7
1256,3421,W4,Sorting,13.81,94.35,1,791.81,completed,2023-02-22,791.81,4.34,Good,Q3,9.43,1.09,7.5,0,69.5
1257,1880,W1,Packaging,8.31,95.03,0,302.28,pending,2025-02-14,,7.22,Good,Q2,9.5,1.81,10.0,5,70.3
1258,1316,W5,Picking,19.46,95.28,3,557.09,completed,2024-04-04,557.09,3.08,Good,Q4,9.53,0.77,2.5,0,56.5
1259,3131,W5,Packing,29.03,94.27,2,565.43,completed,2025-06-22,565.43,2.07,Good,Q4,9.43,0.52,5.0,0,61.8
1260,4272,W3,Sorting,12.88,84.07,0,289.45,completed,2025-01-11,289.45,4.66,Poor,Q2,8.41,1.16,10.0,0,72.3
1261,1326,W2,Packing,28.17,89.04,0,357.29,completed,2024-12-21,357.29,2.13,Fair,Q2,8.9,0.53,10.0,0,72.5
1262,2715,W5,Picking,24.06,88.19,0,389.89,cancelled,2024-04-15,,2.49,Fair,Q2,8.82,0.62,10.0,10,57.4
1263,4259,W5,Packaging,21.35,98.26,0,520.63,cancelled,2024-08-10,,2.81,Excellent,Q2,9.83,0.7,10.0,10,61.2
1264,3024,W3,Sorting,12.82,87.92,2,138.91,completed,2024-02-10,138.91,4.68,Fair,Q4,8.79,1.17,5.0,0,61.2
1265,1517,W2,Packing,23.44,92.25,0,635.28,completed,2023-03-11,635.28,2.56,Good,Q2,9.22,0.64,10.0,0,73.9
1266,2589,W4,Picking,11.32,100.0,0,738.84,completed,2025-05-14,738.84,5.3,Excellent,Q2,10.0,1.33,10.0,0,78.3
1267,3422,W3,Packaging,10.21,92.39,3,765.13,completed,2026-05-31,765.13,5.88,Good,Q4,9.24,1.47,2.5,0,57.3
1268,2838,W5,Picking,27.06,97.59,2,311.39,failed,2025-04-17,,2.22,Excellent,Q4,9.76,0.55,5.0,10,48.0
1269,3086,W4,Packing,14.34,95.81,1,780.15,completed,2023-06-21,780.15,4.18,Good,Q3,9.58,1.05,7.5,0,69.9
1270,2796,W2,Picking,26.59,88.84,2,331.78,completed,2023-12-28,331.78,2.26,Fair,Q4,8.88,0.56,5.0,0,60.0
1271,3374,W5,Sorting,26.25,88.72,1,764.25,failed,2025-11-06,,2.29,Fair,Q3,8.87,0.57,7.5,10,51.2
1272,4334,W4,Sorting,23.62,92.65,1,134.57,completed,2024-03-07,134.57,2.54,Good,Q3,9.27,0.64,7.5,0,67.8
1273,2797,W4,Sorting,16.49,92.49,1,243.66,completed,2024-04-03,243.66,3.64,Good,Q3,9.25,0.91,7.5,0,68.4
1274,1948,W2,Sorting,24.25,87.98,3,103.61,failed,2024-07-24,,2.47,Fair,Q4,8.8,0.62,2.5,10,38.6
1275,3211,W2,Picking,23.24,87.11,4,816.48,completed,2026-01-06,816.48,2.58,Fair,Q4,8.71,0.65,0,0,47.1
1276,3339,W2,Picking,20.65,94.49,0,250.33,completed,2025-05-23,250.33,2.91,Good,Q2,9.45,0.73,10.0,0,74.9
1277,2770,W4,Packaging,15.73,98.25,0,386.08,pending,2025-10-07,,3.81,Excellent,Q2,9.83,0.95,10.0,5,69.3
1278,2448,W3,Picking,7.11,100.0,0,112.25,cancelled,2023-06-11,,8.44,Excellent,Q2,10.0,2.11,10.0,10,65.3
1279,3895,W2,Picking,14.78,92.66,0,663.83,completed,2024-10-06,663.83,4.06,Good,Q2,9.27,1.01,10.0,0,75.0
1280,3286,W1,Packing,13.21,93.25,0,173.98,completed,2023-03-14,173.98,4.54,Good,Q2,9.32,1.14,10.0,0,75.5
1281,4333,W1,Packaging,8.47,100.0,0,141.45,completed,2024-01-19,141.45,7.08,Excellent,Q2,10.0,1.77,10.0,0,79.4
1282,3962,W4,Sorting,14.72,92.56,0,446.12,completed,2024-03-14,446.12,4.08,Good,Q2,9.26,1.02,10.0,0,75.0
1283,2557,W1,Packing,14.4,93.63,1,234.67,completed,2026-04-10,234.67,4.17,Good,Q3,9.36,1.04,7.5,0,69.1
1284,1949,W2,Sorting,26.48,86.91,1,265.58,completed,2024-08-21,265.58,2.27,Fair,Q3,8.69,0.57,7.5,0,65.6
1285,4092,W4,Packing,13.34,97.86,0,108.83,pending,2024-08-11,,4.5,Excellent,Q2,9.79,1.12,10.0,5,69.6
1286,2306,W4,Packing,17.27,94.46,0,403.05,completed,2023-08-21,403.05,3.47,Good,Q2,9.45,0.87,10.0,0,75.2
1287,1961,W3,Packing,19.05,89.15,1,359.02,completed,2023-03-01,359.02,3.15,Fair,Q3,8.92,0.79,7.5,0,66.9
1288,4161,W3,Sorting,13.94,97.28,0,65.77,completed,2024-10-23,65.77,4.3,Excellent,Q2,9.73,1.08,10.0,0,76.8
1289,1896,W3,Sorting,21.31,87.98,1,420.4,completed,2024-11-26,420.4,2.82,Fair,Q3,8.8,0.7,7.5,0,66.3
1290,4193,W1,Sorting,20.47,94.26,3,462.57,completed,2023-08-14,462.57,2.93,Good,Q4,9.43,0.73,2.5,0,56.1
1291,2365,W5,Sorting,10.93,84.38,3,666.66,completed,2024-12-23,666.66,5.49,Poor,Q4,8.44,1.37,2.5,0,54.2
1292,1643,W5,Picking,20.45,87.53,1,180.7,completed,2026-01-02,180.7,2.93,Fair,Q3,8.75,0.73,7.5,0,66.2
1293,1055,W4,Packaging,18.96,99.69,0,222.67,completed,2023-03-15,222.67,3.16,Excellent,Q2,9.97,0.79,10.0,0,76.9
1294,1099,W1,Picking,19.08,97.6,0,251.38,completed,2024-04-16,251.38,3.14,Excellent,Q2,9.76,0.79,10.0,0,76.1
1295,2105,W2,Picking,25.04,97.71,0,633.34,completed,2023-06-23,633.34,2.4,Excellent,Q2,9.77,0.6,10.0,0,75.7
1296,4041,W1,Picking,13.6,95.43,0,31.83,completed,2026-01-14,31.83,4.41,Good,Q2,9.54,1.1,10.0,0,76.1
1297,2741,W5,Packaging,16.76,87.4,3,670.28,completed,2025-11-15,670.28,3.58,Fair,Q4,8.74,0.89,2.5,0,54.1
1298,2930,W1,Sorting,10.17,93.72,2,562.8,completed,2025-02-10,562.8,5.9,Good,Q4,9.37,1.47,5.0,0,64.0
1299,2001,W3,Packing,24.48,92.64,0,460.23,completed,2025-02-22,460.23,2.45,Good,Q2,9.26,0.61,10.0,0,73.9
1300,2852,W1,Packing,18.74,100.0,0,611.67,pending,2024-04-03,,3.2,Excellent,Q2,10.0,0.8,10.0,5,69.5
1301,4316,W5,Picking,20.34,95.12,0,292.58,completed,2023-06-21,292.58,2.95,Good,Q2,9.51,0.74,10.0,0,75.1
1302,2651,W1,Packaging,14.23,100.0,0,85.05,completed,2026-06-16,85.05,4.22,Excellent,Q2,10.0,1.05,10.0,0,77.6
1303,3822,W4,Packaging,11.25,96.57,0,45.49,completed,2026-03-03,45.49,5.33,Good,Q2,9.66,1.33,10.0,0,77.1
1304,3001,W5,Packing,12.14,88.29,2,484.61,cancelled,2026-01-22,,4.94,Fair,Q4,8.83,1.24,5.0,10,46.5
1305,4002,W4,Sorting,18.7,98.13,0,632.64,failed,2023-06-16,,3.21,Excellent,Q2,9.81,0.8,10.0,10,61.3
1306,4064,W1,Packing,18.28,89.82,2,150.35,completed,2023-09-06,150.35,3.28,Fair,Q4,8.98,0.82,5.0,0,61.0
1307,2995,W2,Packaging,21.39,90.8,0,685.63,completed,2023-10-14,685.63,2.81,Fair,Q2,9.08,0.7,10.0,0,73.5
1308,3771,W5,Packing,23.0,87.36,3,260.68,completed,2024-07-09,260.68,2.61,Fair,Q4,8.74,0.65,2.5,0,53.5
1309,3514,W5,Sorting,17.79,90.99,3,185.73,completed,2025-01-30,185.73,3.37,Fair,Q4,9.1,0.84,2.5,0,55.2
1310,4491,W5,Sorting,27.53,87.68,3,638.55,completed,2023-10-05,638.55,2.18,Fair,Q4,8.77,0.54,2.5,0,53.3
1311,1768,W2,Packing,18.13,91.25,4,275.39,completed,2024-02-13,275.39,3.31,Fair,Q4,9.12,0.83,0,0,49.0
1312,2435,W1,Packing,23.22,98.77,1,145.64,completed,2026-02-19,145.64,2.58,Excellent,Q3,9.88,0.65,7.5,0,70.0
1313,2252,W2,Sorting,25.4,86.9,3,503.03,completed,2025-01-22,503.03,2.36,Fair,Q4,8.69,0.59,2.5,0,53.1
1314,3427,W5,Packing,12.51,83.29,1,184.16,failed,2023-11-09,,4.8,Poor,Q3,8.33,1.2,7.5,10,50.9
1315,2352,W1,Packaging,16.81,97.35,1,654.66,completed,2026-03-24,654.66,3.57,Excellent,Q3,9.73,0.89,7.5,0,70.0
1316,1857,W5,Sorting,16.43,86.36,0,774.21,failed,2023-12-11,,3.65,Fair,Q2,8.64,0.91,10.0,10,57.5
1317,2324,W1,Packaging,24.57,99.42,1,745.3,failed,2023-06-09,,2.44,Excellent,Q3,9.94,0.61,7.5,10,55.1
1318,3049,W1,Packaging,19.39,90.01,1,288.12,completed,2023-08-29,288.12,3.09,Fair,Q3,9.0,0.77,7.5,0,67.2
1319,3479,W2,Packing,16.33,93.09,1,458.12,completed,2024-03-14,458.12,3.67,Good,Q3,9.31,0.92,7.5,0,68.6
1320,4231,W2,Sorting,27.42,91.04,0,424.23,completed,2024-05-28,424.23,2.19,Fair,Q2,9.1,0.55,10.0,0,73.2
1321,2737,W1,Packing,21.98,100.0,2,303.9,completed,2024-03-13,303.9,2.73,Excellent,Q4,10.0,0.68,5.0,0,64.2
1322,2810,W5,Packaging,14.23,92.36,3,23.91,completed,2025-01-09,23.91,4.22,Good,Q4,9.24,1.05,2.5,0,56.2
1323,3485,W5,Packaging,20.18,91.15,1,784.51,completed,2024-07-13,784.51,2.97,Fair,Q3,9.12,0.74,7.5,0,67.5
1324,2123,W1,Sorting,21.61,82.19,3,603.06,completed,2023-04-28,603.06,2.78,Poor,Q4,8.22,0.69,2.5,0,51.7
1325,3652,W5,Picking,35.21,85.27,0,410.33,cancelled,2026-01-22,,1.7,Fair,Q2,8.53,0.43,10.0,10,55.9
1326,1724,W1,Picking,11.51,92.5,0,604.21,completed,2023-09-27,604.21,5.21,Good,Q2,9.25,1.3,10.0,0,75.6
1327,2136,W1,Packing,21.56,97.55,0,731.34,pending,2024-02-02,,2.78,Excellent,Q2,9.75,0.7,10.0,5,68.4
1328,1693,W5,Picking,15.59,87.26,0,764.61,completed,2026-04-16,764.61,3.85,Fair,Q2,8.73,0.96,10.0,0,73.0
1329,3054,W3,Picking,8.58,100.0,0,703.91,failed,2023-10-30,,6.99,Excellent,Q2,10.0,1.75,10.0,10,64.4
1330,2676,W3,Picking,14.8,100.0,1,590.08,completed,2023-12-21,590.08,4.05,Excellent,Q3,10.0,1.01,7.5,0,71.3
1331,2896,W1,Sorting,16.1,95.75,0,487.77,completed,2023-06-30,487.77,3.73,Good,Q2,9.57,0.93,10.0,0,75.8
1332,1082,W1,Picking,12.59,100.0,1,538.23,completed,2023-12-13,538.23,4.77,Excellent,Q3,10.0,1.19,7.5,0,71.7
1333,1782,W1,Packaging,7.08,97.52,2,583.54,completed,2023-09-29,583.54,8.47,Excellent,Q4,9.75,2.12,5.0,0,66.9
1334,2695,W3,Picking,14.9,95.65,1,486.81,completed,2024-04-07,486.81,4.03,Good,Q3,9.56,1.01,7.5,0,69.7
1335,3370,W2,Sorting,23.65,91.3,1,424.05,cancelled,2025-01-14,,2.54,Fair,Q3,9.13,0.63,7.5,10,52.3
1336,3397,W3,Packing,14.49,92.76,0,807.97,pending,2025-02-28,,4.14,Good,Q2,9.28,1.04,10.0,5,67.6
1337,3063,W2,Packaging,13.41,93.33,1,300.72,failed,2026-02-03,,4.47,Good,Q3,9.33,1.12,7.5,10,54.2
1338,1472,W3,Picking,12.64,97.09,1,232.81,completed,2025-11-24,232.81,4.75,Excellent,Q3,9.71,1.19,7.5,0,70.7
1339,3872,W2,Packing,16.48,88.1,0,43.26,completed,2023-08-03,43.26,3.64,Fair,Q2,8.81,0.91,10.0,0,73.1
1340,1766,W3,Picking,21.02,92.82,1,768.99,completed,2025-01-03,768.99,2.85,Good,Q3,9.28,0.71,7.5,0,68.0
1341,2781,W3,Packaging,18.01,95.37,1,495.93,completed,2025-03-28,495.93,3.33,Good,Q3,9.54,0.83,7.5,0,69.2
1342,2229,W4,Packaging,11.26,93.86,1,581.59,completed,2023-03-24,581.59,5.33,Good,Q3,9.39,1.33,7.5,0,69.9
1343,2231,W2,Picking,20.67,82.99,1,442.69,completed,2026-05-07,442.69,2.9,Poor,Q3,8.3,0.73,7.5,0,64.6
1344,4229,W5,Packaging,21.7,87.5,1,568.94,failed,2023-04-21,,2.76,Fair,Q3,8.75,0.69,7.5,10,51.1
1345,1820,W1,Sorting,21.7,95.66,0,564.94,pending,2023-12-19,,2.76,Good,Q2,9.57,0.69,10.0,5,67.7
1346,2002,W3,Sorting,22.78,92.13,2,90.29,completed,2023-11-12,90.29,2.63,Good,Q4,9.21,0.66,5.0,0,61.4
1347,2934,W5,Sorting,24.04,88.35,0,192.43,completed,2025-02-09,192.43,2.5,Fair,Q2,8.83,0.62,10.0,0,72.5
1348,1546,W4,Packaging,14.86,98.13,1,652.14,pending,2025-03-29,,4.04,Excellent,Q3,9.81,1.01,7.5,5,63.1
1349,4032,W3,Sorting,18.75,87.73,1,422.74,pending,2026-04-16,,3.2,Fair,Q3,8.77,0.8,7.5,5,58.9
1350,3053,W1,Packaging,18.19,96.78,1,317.5,cancelled,2023-01-04,,3.3,Good,Q3,9.68,0.82,7.5,10,54.7
1351,2390,W5,Packing,19.94,86.87,2,378.56,cancelled,2025-02-25,,3.01,Fair,Q4,8.69,0.75,5.0,10,44.8
1352,2069,W2,Packing,23.79,87.85,3,416.34,completed,2025-05-13,416.34,2.52,Fair,Q4,8.79,0.63,2.5,0,53.6
1353,3686,W2,Packaging,17.64,90.79,2,626.78,completed,2025-04-08,626.78,3.4,Fair,Q4,9.08,0.85,5.0,0,61.4
1354,2991,W1,Packaging,12.67,91.99,0,394.67,completed,2025-04-02,394.67,4.74,Fair,Q2,9.2,1.18,10.0,0,75.1
1355,2527,W4,Picking,14.81,100.0,0,390.98,completed,2025-08-27,390.98,4.05,Excellent,Q2,10.0,1.01,10.0,0,77.5
1356,3763,W3,Sorting,13.94,93.72,2,649.28,completed,2023-06-13,649.28,4.3,Good,Q4,9.37,1.08,5.0,0,63.0
1357,2863,W2,Picking,24.92,90.65,2,622.57,completed,2025-06-09,622.57,2.41,Fair,Q4,9.07,0.6,5.0,0,60.7
1358,3454,W1,Packing,26.26,97.95,2,321.53,completed,2025-01-26,321.53,2.28,Excellent,Q4,9.79,0.57,5.0,0,63.2
1359,1071,W3,Packing,15.56,100.0,0,313.0,completed,2025-07-03,313.0,3.86,Excellent,Q2,10.0,0.96,10.0,0,77.4
1360,4025,W3,Sorting,18.57,88.8,0,45.57,completed,2025-03-22,45.57,3.23,Fair,Q2,8.88,0.81,10.0,0,73.1
1361,2876,W2,Packaging,26.67,94.61,0,244.37,completed,2026-06-18,244.37,2.25,Good,Q2,9.46,0.56,10.0,0,74.5
1362,3964,W2,Packing,16.66,89.58,2,523.81,completed,2023-07-27,523.81,3.6,Fair,Q4,8.96,0.9,5.0,0,61.1
1363,3955,W4,Picking,12.43,95.63,0,638.55,completed,2023-06-12,638.55,4.83,Good,Q2,9.56,1.21,10.0,0,76.5
1364,3208,W4,Picking,17.06,86.47,0,529.01,pending,2024-05-14,,3.52,Fair,Q2,8.65,0.88,10.0,5,65.0
1365,3054,W1,Sorting,21.34,100.0,1,170.07,completed,2023-04-04,170.07,2.81,Excellent,Q3,10.0,0.7,7.5,0,70.5
1366,1076,W5,Packing,29.15,87.21,0,355.0,cancelled,2025-04-28,,2.06,Fair,Q2,8.72,0.51,10.0,10,56.8
1367,2329,W2,Sorting,10.71,81.93,1,30.09,completed,2024-03-28,30.09,5.6,Poor,Q3,8.19,1.4,7.5,0,65.9
1368,3438,W1,Sorting,22.02,89.36,0,366.34,pending,2024-11-04,,2.72,Fair,Q2,8.94,0.68,10.0,5,65.5
1369,4499,W5,Packing,17.31,87.3,0,141.74,completed,2025-10-18,141.74,3.47,Fair,Q2,8.73,0.87,10.0,0,72.7
1370,1321,W2,Packaging,28.42,90.96,1,726.66,completed,2025-09-23,726.66,2.11,Fair,Q3,9.1,0.53,7.5,0,66.9
1371,2914,W5,Sorting,22.72,81.89,1,392.0,completed,2023-03-02,392.0,2.64,Poor,Q3,8.19,0.66,7.5,0,64.1
1372,4077,W2,Packaging,27.86,87.2,1,653.73,completed,2024-08-04,653.73,2.15,Fair,Q3,8.72,0.54,7.5,0,65.6
1373,2620,W5,Packing,17.2,92.11,0,118.12,failed,2024-03-23,,3.49,Good,Q2,9.21,0.87,10.0,10,59.4
1374,4008,W2,Picking,27.23,93.82,2,664.23,completed,2025-04-01,664.23,2.2,Good,Q4,9.38,0.55,5.0,0,61.7
1375,3720,W5,Packing,23.76,97.02,1,541.28,completed,2024-10-12,541.28,2.53,Excellent,Q3,9.7,0.63,7.5,0,69.3
1376,2840,W5,Packing,30.04,83.06,3,254.05,completed,2023-11-18,254.05,2.0,Poor,Q4,8.31,0.5,2.5,0,51.6
1377,2570,W2,Packing,16.19,89.36,0,772.58,completed,2026-04-03,772.58,3.71,Fair,Q2,8.94,0.93,10.0,0,73.6
1378,3539,W4,Packing,17.69,91.86,0,130.71,completed,2025-10-27,130.71,3.39,Fair,Q2,9.19,0.85,10.0,0,74.3
1379,2516,W1,Packing,15.88,97.3,0,90.96,failed,2023-02-16,,3.78,Excellent,Q2,9.73,0.94,10.0,10,61.4
1380,2511,W5,Packing,19.22,93.7,0,149.75,completed,2024-05-05,149.75,3.12,Good,Q2,9.37,0.78,10.0,0,74.7
1381,2888,W2,Packing,24.49,88.43,0,187.85,failed,2025-07-29,,2.45,Fair,Q2,8.84,0.61,10.0,10,57.5
1382,1455,W2,Packing,30.82,93.21,0,432.68,failed,2026-05-22,,1.95,Good,Q2,9.32,0.49,10.0,10,58.8
1383,3128,W3,Packaging,17.27,93.1,1,354.3,completed,2025-08-20,354.3,3.47,Good,Q3,9.31,0.87,7.5,0,68.5
1384,3931,W4,Picking,7.63,100.0,0,463.68,pending,2026-05-28,,7.86,Excellent,Q2,10.0,1.97,10.0,5,72.4
1385,1163,W5,Picking,20.62,90.06,2,620.5,completed,2025-01-14,620.5,2.91,Fair,Q4,9.01,0.73,5.0,0,60.9
1386,4380,W4,Packing,8.31,97.1,1,234.19,completed,2026-04-02,234.19,7.22,Excellent,Q3,9.71,1.81,7.5,0,72.3
1387,2351,W1,Packaging,15.47,93.66,1,235.86,completed,2023-06-01,235.86,3.88,Good,Q3,9.37,0.97,7.5,0,69.0
1388,2354,W4,Packing,22.73,95.66,0,590.48,pending,2025-07-11,,2.64,Good,Q2,9.57,0.66,10.0,5,67.6
1389,2485,W3,Sorting,19.6,89.64,1,324.66,completed,2024-08-19,324.66,3.06,Fair,Q3,8.96,0.77,7.5,0,67.0
1390,1632,W3,Packaging,21.03,92.47,3,577.19,completed,2023-09-21,577.19,2.85,Good,Q4,9.25,0.71,2.5,0,55.4
1391,1049,W2,Sorting,21.63,91.17,2,138.88,cancelled,2024-06-15,,2.77,Fair,Q4,9.12,0.69,5.0,10,46.1
1392,3404,W3,Packing,12.87,100.0,0,552.62,completed,2025-10-23,552.62,4.66,Excellent,Q2,10.0,1.17,10.0,0,77.9
1393,2555,W3,Sorting,25.86,89.31,2,419.14,completed,2023-01-30,419.14,2.32,Fair,Q4,8.93,0.58,5.0,0,60.2
1394,3985,W1,Sorting,14.64,93.42,2,523.22,completed,2023-09-02,523.22,4.1,Good,Q4,9.34,1.02,5.0,0,62.7
1395,4226,W2,Sorting,15.33,85.89,4,698.78,completed,2025-12-09,698.78,3.91,Fair,Q4,8.59,0.98,0,0,47.5
1396,3078,W2,Packaging,20.63,96.49,1,809.94,completed,2023-05-18,809.94,2.91,Good,Q3,9.65,0.73,7.5,0,69.4
1397,3825,W3,Picking,22.47,98.18,0,632.43,failed,2024-05-16,,2.67,Excellent,Q2,9.82,0.67,10.0,10,61.0
1398,4043,W2,Packing,24.45,93.22,1,246.69,completed,2024-01-25,246.69,2.45,Good,Q3,9.32,0.61,7.5,0,67.9
1399,3199,W1,Packaging,20.33,96.57,0,402.67,completed,2023-04-15,402.67,2.95,Good,Q2,9.66,0.74,10.0,0,75.7
1400,3221,W3,Picking,13.02,97.64,1,179.83,completed,2026-04-22,179.83,4.61,Excellent,Q3,9.76,1.15,7.5,0,70.8
1401,3632,W2,Packing,25.89,90.36,3,384.61,completed,2024-02-03,384.61,2.32,Fair,Q4,9.04,0.58,2.5,0,54.3
1402,3585,W5,Packing,17.12,88.56,3,241.07,failed,2023-12-28,,3.5,Fair,Q4,8.86,0.88,2.5,10,39.5
1403,3298,W3,Packing,22.22,92.69,1,244.87,completed,2025-10-27,244.87,2.7,Good,Q3,9.27,0.68,7.5,0,67.9
1404,3087,W3,Packing,15.4,93.81,0,20.44,completed,2025-08-21,20.44,3.9,Good,Q2,9.38,0.97,10.0,0,75.3
1405,3813,W4,Packaging,16.89,90.43,3,300.93,completed,2026-01-08,300.93,3.55,Fair,Q4,9.04,0.89,2.5,0,55.1
1406,2310,W2,Packaging,25.57,91.22,0,433.99,pending,2025-12-22,,2.35,Fair,Q2,9.12,0.59,10.0,5,65.9
1407,2622,W4,Picking,18.29,96.99,0,175.24,completed,2023-12-18,175.24,3.28,Good,Q2,9.7,0.82,10.0,0,76.0
1408,2707,W2,Packaging,16.1,86.49,1,512.02,completed,2024-07-05,512.02,3.73,Fair,Q3,8.65,0.93,7.5,0,66.3
1409,4052,W2,Sorting,24.43,85.63,2,310.53,completed,2024-10-07,310.53,2.46,Fair,Q4,8.56,0.61,5.0,0,59.0
1410,2655,W4,Sorting,21.76,90.44,2,651.46,completed,2023-04-24,651.46,2.76,Fair,Q4,9.04,0.69,5.0,0,60.9
1411,3711,W4,Sorting,21.72,97.1,0,183.85,completed,2024-06-08,183.85,2.76,Excellent,Q2,9.71,0.69,10.0,0,75.7
1412,4027,W3,Sorting,28.53,88.37,2,480.99,completed,2024-02-13,480.99,2.1,Fair,Q4,8.84,0.53,5.0,0,59.8
1413,2924,W2,Packing,23.52,91.96,1,617.26,cancelled,2023-04-05,,2.55,Fair,Q3,9.2,0.64,7.5,10,52.5
1414,1229,W4,Packing,22.08,100.0,0,64.53,completed,2024-12-02,64.53,2.72,Excellent,Q2,10.0,0.68,10.0,0,76.7
1415,4000,W3,Sorting,18.19,96.32,1,830.94,completed,2025-04-27,830.94,3.3,Good,Q3,9.63,0.82,7.5,0,69.5
1416,2342,W2,Packaging,18.67,86.41,0,380.95,completed,2026-03-18,380.95,3.21,Fair,Q2,8.64,0.8,10.0,0,72.2
1417,3864,W5,Sorting,25.94,81.22,3,742.06,completed,2024-10-04,742.06,2.31,Poor,Q4,8.12,0.58,2.5,0,51.1
1418,2483,W3,Packing,24.82,94.47,2,205.11,pending,2024-11-13,,2.42,Good,Q4,9.45,0.6,5.0,5,54.6
1419,2992,W2,Sorting,21.78,87.43,2,345.92,completed,2023-04-09,345.92,2.75,Fair,Q4,8.74,0.69,5.0,0,59.8
1420,1131,W5,Picking,23.3,90.58,1,380.07,cancelled,2025-10-29,,2.58,Fair,Q3,9.06,0.64,7.5,10,52.1
1421,1460,W3,Packing,17.26,94.99,1,481.17,completed,2025-12-25,481.17,3.48,Good,Q3,9.5,0.87,7.5,0,69.2
1422,1299,W2,Picking,19.8,87.12,1,174.39,completed,2025-06-01,174.39,3.03,Fair,Q3,8.71,0.76,7.5,0,66.1
1423,2391,W3,Packing,24.19,89.23,0,555.95,completed,2025-07-18,555.95,2.48,Fair,Q2,8.92,0.62,10.0,0,72.8
1424,2597,W5,Packing,20.02,85.88,2,535.78,cancelled,2023-02-08,,3.0,Fair,Q4,8.59,0.75,5.0,10,44.4
1425,3677,W1,Packaging,22.76,100.0,0,459.52,completed,2024-02-15,459.52,2.64,Excellent,Q2,10.0,0.66,10.0,0,76.7
1426,1607,W5,Sorting,18.48,85.65,0,172.69,cancelled,2024-02-27,,3.25,Fair,Q2,8.57,0.81,10.0,10,57.0
1427,1283,W3,Packaging,5.84,92.59,1,306.01,completed,2024-11-01,306.01,10.27,Good,Q3,9.26,2.57,7.5,0,72.6
1428,1954,W3,Packaging,18.24,95.31,1,842.49,completed,2024-03-20,842.49,3.29,Good,Q3,9.53,0.82,7.5,0,69.2
1429,4047,W3,Picking,20.73,93.85,1,385.7,completed,2024-03-03,385.7,2.89,Good,Q3,9.38,0.72,7.5,0,68.4
1430,4336,W4,Picking,11.01,96.01,1,332.72,completed,2023-09-13,332.72,5.45,Good,Q3,9.6,1.36,7.5,0,70.8
1431,4033,W1,Packaging,11.69,93.22,1,800.48,completed,2026-05-23,800.48,5.13,Good,Q3,9.32,1.28,7.5,0,69.6
1432,2957,W3,Sorting,22.33,92.33,2,438.27,completed,2024-06-06,438.27,2.69,Good,Q4,9.23,0.67,5.0,0,61.5
1433,2476,W5,Picking,24.66,91.7,0,98.56,failed,2024-09-26,,2.43,Fair,Q2,9.17,0.61,10.0,10,58.6
1434,3664,W1,Packing,23.75,92.93,0,600.51,failed,2025-03-09,,2.53,Good,Q2,9.29,0.63,10.0,10,59.1
1435,3312,W4,Picking,14.08,100.0,0,222.91,failed,2023-01-19,,4.26,Excellent,Q2,10.0,1.07,10.0,10,62.7
1436,1859,W2,Packaging,22.47,89.89,1,512.83,completed,2024-08-23,512.83,2.67,Fair,Q3,8.99,0.67,7.5,0,66.9
1437,3738,W3,Packing,15.49,94.9,0,690.86,pending,2024-01-07,,3.87,Good,Q2,9.49,0.97,10.0,5,68.1
1438,2528,W3,Picking,16.07,99.05,1,352.05,pending,2024-06-27,,3.73,Excellent,Q3,9.9,0.93,7.5,5,63.2
1439,2669,W5,Sorting,23.99,86.96,0,135.52,completed,2023-04-06,135.52,2.5,Fair,Q2,8.7,0.63,10.0,0,72.0
1440,2428,W5,Packing,23.1,88.18,1,98.6,pending,2024-04-01,,2.6,Fair,Q3,8.82,0.65,7.5,5,58.7
1441,1550,W1,Packing,21.92,97.55,3,463.17,failed,2026-05-20,,2.74,Excellent,Q4,9.75,0.68,2.5,10,42.1
1442,3211,W1,Sorting,17.77,95.29,0,284.6,completed,2025-01-18,284.6,3.38,Good,Q2,9.53,0.84,10.0,0,75.5
1443,1584,W5,Picking,19.72,83.48,1,123.39,completed,2024-04-06,123.39,3.04,Poor,Q3,8.35,0.76,7.5,0,64.9
1444,2026,W1,Picking,19.12,96.19,2,223.57,completed,2024-01-14,223.57,3.14,Good,Q4,9.62,0.78,5.0,0,63.1
1445,1539,W3,Sorting,12.9,93.16,0,237.72,completed,2024-11-02,237.72,4.65,Good,Q2,9.32,1.16,10.0,0,75.5
1446,4275,W4,Sorting,16.63,85.5,0,43.58,completed,2025-02-27,43.58,3.61,Fair,Q2,8.55,0.9,10.0,0,72.2
1447,1047,W1,Packaging,24.07,96.01,1,346.3,failed,2026-03-17,,2.49,Good,Q3,9.6,0.62,7.5,10,53.9
1448,2661,W4,Packing,13.83,98.58,3,825.6,cancelled,2025-07-14,,4.34,Excellent,Q4,9.86,1.08,2.5,10,43.5
1449,2381,W2,Packing,18.2,89.53,1,786.44,completed,2024-01-17,786.44,3.3,Fair,Q3,8.95,0.82,7.5,0,67.1
1450,3736,W3,Sorting,27.81,86.87,1,568.81,pending,2024-12-02,,2.16,Fair,Q3,8.69,0.54,7.5,5,58.0
1451,2873,W5,Sorting,18.04,91.09,2,204.65,completed,2023-08-16,204.65,3.33,Fair,Q4,9.11,0.83,5.0,0,61.5
1452,1339,W1,Sorting,18.23,90.27,2,477.0,completed,2025-10-30,477.0,3.29,Fair,Q4,9.03,0.82,5.0,0,61.2
1453,1813,W2,Packing,25.1,86.95,2,662.89,pending,2024-12-25,,2.39,Fair,Q4,8.7,0.6,5.0,5,51.9
1454,3209,W5,Packaging,26.87,88.28,1,460.19,completed,2024-04-16,460.19,2.23,Fair,Q3,8.83,0.56,7.5,0,66.1
1455,4076,W5,Packaging,23.43,90.92,0,719.1,completed,2023-11-08,719.1,2.56,Fair,Q2,9.09,0.64,10.0,0,73.4
1456,2214,W5,Packing,16.42,86.8,5,807.33,cancelled,2025-03-09,,3.65,Fair,Q4,8.68,0.91,0,10,32.7
1457,3276,W5,Packing,18.95,89.03,1,224.86,cancelled,2024-09-30,,3.17,Fair,Q3,8.9,0.79,7.5,10,51.9
1458,4131,W2,Picking,18.75,90.92,1,701.74,completed,2024-05-11,701.74,3.2,Fair,Q3,9.09,0.8,7.5,0,67.6
1459,2131,W4,Packaging,13.86,98.06,1,819.4,completed,2023-10-15,819.4,4.33,Excellent,Q3,9.81,1.08,7.5,0,70.8
1460,1583,W4,Picking,13.55,93.07,0,186.87,pending,2024-07-18,,4.43,Good,Q2,9.31,1.11,10.0,5,67.9
1461,2795,W3,Picking,10.36,95.77,1,208.87,completed,2024-09-03,208.87,5.79,Good,Q3,9.58,1.45,7.5,0,70.9
1462,2114,W1,Packing,10.91,99.49,0,616.21,completed,2023-03-25,616.21,5.5,Excellent,Q2,9.95,1.37,10.0,0,78.2
1463,4106,W4,Sorting,11.72,94.81,2,678.37,completed,2024-08-19,678.37,5.12,Good,Q4,9.48,1.28,5.0,0,63.9
1464,1988,W2,Picking,13.42,91.64,0,737.35,completed,2025-10-09,737.35,4.47,Fair,Q2,9.16,1.12,10.0,0,74.9
1465,3622,W4,Packing,23.77,99.71,2,770.45,completed,2025-11-06,770.45,2.52,Excellent,Q4,9.97,0.63,5.0,0,64.0
1466,3920,W3,Packing,11.41,93.67,2,25.79,completed,2025-09-21,25.79,5.26,Good,Q4,9.37,1.31,5.0,0,63.6
1467,3484,W2,Packing,17.01,91.37,4,422.36,completed,2026-03-04,422.36,3.53,Fair,Q4,9.14,0.88,0,0,49.2
1468,1403,W4,Packing,16.84,100.0,2,551.64,completed,2026-03-24,551.64,3.56,Excellent,Q4,10.0,0.89,5.0,0,64.7
1469,3942,W1,Picking,16.27,100.0,0,695.76,failed,2023-03-23,,3.69,Excellent,Q2,10.0,0.92,10.0,10,62.3
1470,4330,W3,Packing,11.62,89.34,0,800.06,cancelled,2025-06-03,,5.16,Fair,Q2,8.93,1.29,10.0,10,59.5
1471,3986,W1,Packaging,28.94,96.96,3,684.58,completed,2025-07-24,684.58,2.07,Good,Q4,9.7,0.52,2.5,0,56.5
1472,2826,W3,Sorting,25.95,85.89,4,222.67,pending,2023-04-08,,2.31,Fair,Q4,8.59,0.58,0,5,39.0
1473,3655,W3,Packing,12.53,88.57,2,736.01,completed,2024-10-21,736.01,4.79,Fair,Q4,8.86,1.2,5.0,0,61.5
1474,2440,W4,Sorting,23.61,95.91,2,89.21,pending,2026-06-16,,2.54,Good,Q4,9.59,0.64,5.0,5,55.2
1475,3619,W5,Packaging,17.19,97.82,2,534.2,completed,2024-01-17,534.2,3.49,Excellent,Q4,9.78,0.87,5.0,0,63.9
1476,2480,W4,Packaging,19.15,95.42,0,687.92,completed,2023-11-23,687.92,3.13,Good,Q2,9.54,0.78,10.0,0,75.3
1477,3293,W2,Sorting,23.39,91.51,0,262.33,completed,2026-01-07,262.33,2.57,Fair,Q2,9.15,0.64,10.0,0,73.6
1478,3716,W2,Packing,20.32,91.67,1,609.24,completed,2025-04-08,609.24,2.95,Fair,Q3,9.17,0.74,7.5,0,67.7
1479,4336,W3,Packaging,12.68,93.78,1,813.32,completed,2024-08-24,813.32,4.73,Good,Q3,9.38,1.18,7.5,0,69.5
1480,1634,W5,Picking,18.69,92.48,3,220.33,completed,2024-07-14,220.33,3.21,Good,Q4,9.25,0.8,2.5,0,55.6
1481,1595,W1,Packing,16.41,91.95,2,692.62,completed,2023-01-26,692.62,3.66,Fair,Q4,9.2,0.91,5.0,0,62.0
1482,3278,W3,Packaging,13.79,97.47,0,381.52,failed,2026-02-02,,4.35,Excellent,Q2,9.75,1.09,10.0,10,61.8
1483,4058,W5,Packaging,24.81,85.19,0,832.57,completed,2024-06-19,832.57,2.42,Fair,Q2,8.52,0.6,10.0,0,71.3
1484,3213,W3,Sorting,11.89,85.89,3,210.98,completed,2025-01-01,210.98,5.05,Fair,Q4,8.59,1.26,2.5,0,54.5
1485,4212,W1,Packaging,20.64,89.99,1,95.68,completed,2025-11-05,95.68,2.91,Fair,Q3,9.0,0.73,7.5,0,67.1
1486,3875,W4,Sorting,11.89,95.03,0,305.87,completed,2026-02-08,305.87,5.05,Good,Q2,9.5,1.26,10.0,0,76.4
1487,1701,W2,Packing,23.47,86.3,0,68.99,completed,2023-02-15,68.99,2.56,Fair,Q2,8.63,0.64,10.0,0,71.8
1488,1605,W5,Packing,24.14,92.06,2,739.43,completed,2023-05-11,739.43,2.49,Good,Q4,9.21,0.62,5.0,0,61.3
1489,2764,W3,Picking,15.78,99.41,1,514.11,failed,2023-10-01,,3.8,Excellent,Q3,9.94,0.95,7.5,10,55.9
1490,1952,W4,Packaging,15.68,94.13,2,269.39,completed,2026-03-13,269.39,3.83,Good,Q4,9.41,0.96,5.0,0,62.8
1491,3916,W5,Packing,14.27,87.11,1,524.01,completed,2025-01-03,524.01,4.2,Fair,Q3,8.71,1.05,7.5,0,66.9
1492,1660,W5,Picking,20.34,92.61,1,360.45,pending,2024-02-03,,2.95,Good,Q3,9.26,0.74,7.5,5,60.5
1493,2652,W2,Packaging,31.3,92.69,1,93.62,pending,2026-03-21,,1.92,Good,Q3,9.27,0.48,7.5,5,59.9
1494,2274,W4,Packing,12.55,87.85,1,167.8,completed,2024-12-28,167.8,4.78,Fair,Q3,8.79,1.2,7.5,0,67.5
1495,3592,W2,Packing,17.41,90.11,0,838.01,cancelled,2023-06-17,,3.45,Fair,Q2,9.01,0.86,10.0,10,58.7
1496,3281,W3,Packing,20.28,92.9,1,521.14,pending,2023-05-02,,2.96,Good,Q3,9.29,0.74,7.5,5,60.6
1497,3326,W3,Picking,22.38,95.29,2,38.09,completed,2026-02-27,38.09,2.68,Good,Q4,9.53,0.67,5.0,0,62.5
1498,1894,W3,Picking,16.54,98.5,2,166.79,failed,2024-12-08,,3.63,Excellent,Q4,9.85,0.91,5.0,10,49.2
1499,1609,W1,Packaging,7.58,91.72,0,163.21,completed,2025-06-30,163.21,7.92,Fair,Q2,9.17,1.98,10.0,0,77.0
1500,2276,W1,Picking,5.89,100.0,0,115.44,failed,2024-08-19,,10.19,Excellent,Q2,10.0,2.55,10.0,10,66.4
1501,3511,W1,Sorting,16.25,91.5,2,144.64,completed,2024-11-21,144.64,3.69,Fair,Q4,9.15,0.92,5.0,0,61.8
1502,2008,W4,Packing,18.92,100.0,0,69.66,pending,2025-01-18,,3.17,Excellent,Q2,10.0,0.79,10.0,5,69.5
1503,2967,W2,Packaging,11.13,91.41,2,835.26,failed,2026-04-25,,5.39,Fair,Q4,9.14,1.35,5.0,10,47.9
1504,3178,W1,Picking,16.25,95.2,2,495.2,completed,2025-12-04,495.2,3.69,Good,Q4,9.52,0.92,5.0,0,63.1
1505,2544,W4,Packaging,22.0,100.0,0,352.54,completed,2023-06-18,352.54,2.73,Excellent,Q2,10.0,0.68,10.0,0,76.7
1506,3038,W4,Picking,21.96,96.2,1,339.66,completed,2024-08-11,339.66,2.73,Good,Q3,9.62,0.68,7.5,0,69.1
1507,2284,W1,Picking,24.74,100.0,0,159.75,completed,2023-04-09,159.75,2.43,Excellent,Q2,10.0,0.61,10.0,0,76.5
1508,1214,W5,Picking,13.29,90.46,2,820.1,completed,2025-06-07,820.1,4.51,Fair,Q4,9.05,1.13,5.0,0,62.0
1509,1907,W5,Packaging,20.37,88.4,2,170.06,completed,2024-10-17,170.06,2.95,Fair,Q4,8.84,0.74,5.0,0,60.3
1510,2562,W1,Packaging,22.39,90.53,0,52.77,completed,2024-02-26,52.77,2.68,Fair,Q2,9.05,0.67,10.0,0,73.3
1511,4385,W1,Sorting,19.35,100.0,3,839.22,completed,2024-04-12,839.22,3.1,Excellent,Q4,10.0,0.78,2.5,0,58.2
1512,2731,W3,Packing,5.62,95.59,1,573.22,completed,2026-03-14,573.22,10.68,Good,Q3,9.56,2.67,7.5,0,73.9
1513,2544,W3,Packaging,11.28,87.33,0,702.67,failed,2024-07-23,,5.32,Fair,Q2,8.73,1.33,10.0,10,58.9
1514,4142,W2,Packing,20.99,96.23,1,49.9,completed,2025-07-08,49.9,2.86,Good,Q3,9.62,0.71,7.5,0,69.2
1515,1685,W2,Packaging,22.21,92.55,1,463.34,completed,2024-06-09,463.34,2.7,Good,Q3,9.25,0.68,7.5,0,67.8
1516,1489,W4,Sorting,16.41,92.58,2,105.59,completed,2025-03-19,105.59,3.66,Good,Q4,9.26,0.91,5.0,0,62.2
1517,1936,W2,Picking,16.19,92.83,2,106.3,completed,2023-03-19,106.3,3.71,Good,Q4,9.28,0.93,5.0,0,62.3
1518,2519,W4,Packaging,16.24,95.88,0,379.02,completed,2025-06-16,379.02,3.69,Good,Q2,9.59,0.92,10.0,0,75.9
1519,2302,W2,Packing,31.86,92.48,1,190.71,completed,2023-03-31,190.71,1.88,Good,Q3,9.25,0.47,7.5,0,67.3
1520,2434,W5,Picking,16.58,85.98,4,784.74,failed,2025-08-04,,3.62,Fair,Q4,8.6,0.9,0,10,32.4
1521,3695,W2,Picking,21.18,95.53,2,177.27,completed,2025-06-17,177.27,2.83,Good,Q4,9.55,0.71,5.0,0,62.7
1522,1587,W1,Packing,18.84,94.73,2,479.97,completed,2026-01-25,479.97,3.18,Good,Q4,9.47,0.8,5.0,0,62.6
1523,2317,W3,Picking,21.94,98.32,2,619.61,completed,2025-01-28,619.61,2.73,Excellent,Q4,9.83,0.68,5.0,0,63.6
1524,1239,W1,Packaging,17.87,95.33,0,17.86,cancelled,2025-03-04,,3.36,Good,Q2,9.53,0.84,10.0,10,60.5
1525,2951,W5,Picking,19.9,90.23,1,703.04,cancelled,2026-03-16,,3.02,Fair,Q3,9.02,0.75,7.5,10,52.2
1526,3009,W4,Sorting,17.92,87.05,3,213.45,completed,2026-06-08,213.45,3.35,Fair,Q4,8.71,0.84,2.5,0,53.8
1527,1916,W3,Sorting,15.67,88.44,2,749.34,failed,2023-10-23,,3.83,Fair,Q4,8.84,0.96,5.0,10,45.8
1528,4031,W3,Packaging,14.33,92.24,1,148.86,failed,2023-02-12,,4.19,Good,Q3,9.22,1.05,7.5,10,53.6
1529,4441,W4,Sorting,10.57,95.27,0,350.86,completed,2024-12-23,350.86,5.68,Good,Q2,9.53,1.42,10.0,0,76.9
1530,2591,W2,Packing,19.68,84.45,2,385.65,completed,2025-08-07,385.65,3.05,Poor,Q4,8.45,0.76,5.0,0,59.0
1531,1797,W3,Sorting,12.95,95.71,1,174.46,completed,2026-06-21,174.46,4.63,Good,Q3,9.57,1.16,7.5,0,70.1
1532,1874,W3,Packing,21.56,94.06,0,552.74,completed,2025-03-15,552.74,2.78,Good,Q2,9.41,0.7,10.0,0,74.7
1533,1208,W2,Packing,18.16,87.34,2,535.7,completed,2024-02-13,535.7,3.3,Fair,Q4,8.73,0.83,5.0,0,60.1
1534,1738,W2,Sorting,14.31,90.48,3,447.11,completed,2025-06-26,447.11,4.19,Fair,Q4,9.05,1.05,2.5,0,55.5
1535,2646,W1,Packaging,15.01,92.73,0,145.14,completed,2026-03-23,145.14,4.0,Good,Q2,9.27,1.0,10.0,0,74.9
1536,2993,W2,Packaging,13.57,83.11,2,124.01,completed,2024-10-09,124.01,4.42,Poor,Q4,8.31,1.11,5.0,0,59.4
1537,4492,W5,Picking,20.29,89.65,4,59.05,completed,2023-07-04,59.05,2.96,Fair,Q4,8.96,0.74,0,0,48.2
1538,2486,W3,Sorting,19.94,93.52,2,716.97,completed,2026-06-30,716.97,3.01,Good,Q4,9.35,0.75,5.0,0,62.1
1539,1622,W3,Packing,17.01,90.53,2,767.18,completed,2023-12-01,767.18,3.53,Fair,Q4,9.05,0.88,5.0,0,61.4
1540,2923,W4,Picking,19.02,96.47,0,476.19,completed,2024-07-29,476.19,3.15,Good,Q2,9.65,0.79,10.0,0,75.8
1541,2553,W2,Picking,22.08,96.26,1,333.09,completed,2025-09-03,333.09,2.72,Good,Q3,9.63,0.68,7.5,0,69.2
1542,3342,W2,Picking,16.1,96.58,1,383.18,completed,2024-01-08,383.18,3.73,Good,Q3,9.66,0.93,7.5,0,69.9
1543,1282,W4,Picking,21.31,96.5,3,755.22,failed,2023-12-29,,2.82,Good,Q4,9.65,0.7,2.5,10,41.8
1544,3739,W2,Sorting,12.03,89.98,1,795.75,completed,2024-02-08,795.75,4.99,Fair,Q3,9.0,1.25,7.5,0,68.4
1545,3417,W3,Sorting,21.38,91.37,0,28.32,completed,2025-05-05,28.32,2.81,Fair,Q2,9.14,0.7,10.0,0,73.7
1546,1096,W2,Sorting,16.41,89.46,2,449.56,cancelled,2025-09-29,,3.66,Fair,Q4,8.95,0.91,5.0,10,46.1
1547,4071,W3,Packaging,17.9,98.01,0,48.78,completed,2025-07-27,48.78,3.35,Excellent,Q2,9.8,0.84,10.0,0,76.4
1548,4009,W1,Sorting,20.48,100.0,3,536.18,completed,2026-03-20,536.18,2.93,Excellent,Q4,10.0,0.73,2.5,0,58.1
1549,2374,W1,Sorting,22.84,90.59,3,596.87,completed,2025-01-21,596.87,2.63,Fair,Q4,9.06,0.66,2.5,0,54.6
1550,3262,W5,Packing,23.27,83.36,4,615.46,completed,2024-01-31,615.46,2.58,Poor,Q4,8.34,0.64,0,0,45.8
1551,3084,W4,Sorting,27.78,89.06,2,281.04,completed,2023-08-21,281.04,2.16,Fair,Q4,8.91,0.54,5.0,0,60.0
1552,1630,W1,Packaging,20.76,96.73,1,326.78,pending,2026-03-17,,2.89,Good,Q3,9.67,0.72,7.5,5,61.9
1553,1639,W2,Picking,19.62,92.84,2,530.58,cancelled,2026-04-08,,3.06,Good,Q4,9.28,0.76,5.0,10,46.9
1554,1817,W4,Sorting,8.74,95.31,1,602.96,pending,2023-06-16,,6.86,Good,Q3,9.53,1.72,7.5,5,63.9
1555,2584,W2,Picking,23.27,95.12,1,613.68,completed,2024-10-18,613.68,2.58,Good,Q3,9.51,0.64,7.5,0,68.6
1556,1762,W5,Packaging,17.84,93.37,5,520.56,completed,2025-08-18,520.56,3.36,Good,Q4,9.34,0.84,0,0,49.8
1557,3356,W3,Picking,14.37,96.32,1,748.28,completed,2024-01-23,748.28,4.18,Good,Q3,9.63,1.04,7.5,0,70.1
1558,2616,W1,Picking,15.17,100.0,0,205.14,completed,2026-04-28,205.14,3.96,Excellent,Q2,10.0,0.99,10.0,0,77.5
1559,3682,W3,Packing,17.04,97.81,2,458.01,completed,2024-05-30,458.01,3.52,Excellent,Q4,9.78,0.88,5.0,0,63.9
1560,3538,W3,Packaging,10.32,97.99,1,626.98,completed,2025-05-30,626.98,5.81,Excellent,Q3,9.8,1.45,7.5,0,71.7
1561,3789,W1,Packing,17.52,92.88,0,316.84,completed,2026-05-25,316.84,3.42,Good,Q2,9.29,0.86,10.0,0,74.7
1562,2517,W1,Sorting,12.94,91.22,2,692.16,pending,2025-10-20,,4.64,Fair,Q4,9.12,1.16,5.0,5,54.8
1563,2904,W3,Packing,21.45,93.69,0,309.67,completed,2025-08-03,309.67,2.8,Good,Q2,9.37,0.7,10.0,0,74.5
1564,4074,W3,Packing,17.43,97.24,0,133.64,completed,2025-02-28,133.64,3.44,Excellent,Q2,9.72,0.86,10.0,0,76.2
1565,2779,W4,Picking,16.37,94.39,1,320.37,cancelled,2023-12-20,,3.67,Good,Q3,9.44,0.92,7.5,10,54.1
1566,1810,W2,Packaging,17.93,95.5,1,241.19,completed,2023-02-14,241.19,3.35,Good,Q3,9.55,0.84,7.5,0,69.3
1567,3044,W4,Packing,21.71,88.62,0,521.7,completed,2025-06-05,521.7,2.76,Fair,Q2,8.86,0.69,10.0,0,72.7
1568,2324,W4,Packaging,19.6,94.51,0,103.52,completed,2025-09-03,103.52,3.06,Good,Q2,9.45,0.77,10.0,0,75.0
1569,3586,W5,Sorting,17.0,86.25,2,813.98,completed,2023-11-21,813.98,3.53,Fair,Q4,8.62,0.88,5.0,0,59.9
1570,2154,W3,Sorting,25.08,90.06,1,123.07,completed,2024-11-29,123.07,2.39,Fair,Q3,9.01,0.6,7.5,0,66.8
1571,2336,W3,Packaging,19.37,94.33,0,189.9,completed,2024-04-23,189.9,3.1,Good,Q2,9.43,0.77,10.0,0,74.9
1572,1796,W3,Packing,19.9,88.76,0,291.44,pending,2023-09-18,,3.02,Fair,Q2,8.88,0.75,10.0,5,65.5
1573,2283,W3,Packaging,10.52,89.95,1,758.62,completed,2025-11-12,758.62,5.7,Fair,Q3,9.0,1.43,7.5,0,68.8
1574,3468,W1,Packing,24.04,93.43,0,424.94,pending,2024-06-28,,2.5,Good,Q2,9.34,0.62,10.0,5,66.7
1575,2940,W1,Packing,20.6,100.0,0,664.43,completed,2024-05-20,664.43,2.91,Excellent,Q2,10.0,0.73,10.0,0,76.8
1576,2117,W2,Picking,14.18,94.88,0,137.01,completed,2024-10-17,137.01,4.23,Good,Q2,9.49,1.06,10.0,0,75.9
1577,1493,W4,Sorting,9.12,92.01,0,513.99,completed,2024-08-28,513.99,6.58,Good,Q2,9.2,1.64,10.0,0,76.3
1578,3869,W1,Packaging,7.02,92.48,0,328.97,completed,2023-01-23,328.97,8.55,Good,Q2,9.25,2.14,10.0,0,77.7
1579,4177,W3,Sorting,19.05,92.83,0,322.81,completed,2023-10-30,322.81,3.15,Good,Q2,9.28,0.79,10.0,0,74.5
1580,2120,W4,Packing,12.89,89.9,0,104.97,completed,2025-07-22,104.97,4.65,Fair,Q2,8.99,1.16,10.0,0,74.4
1581,2337,W3,Packaging,14.75,95.29,3,118.47,completed,2026-02-05,118.47,4.07,Good,Q4,9.53,1.02,2.5,0,57.2
1582,2778,W4,Sorting,27.23,95.61,0,36.26,completed,2024-10-25,36.26,2.2,Good,Q2,9.56,0.55,10.0,0,74.8
1583,3095,W4,Packaging,17.08,95.49,0,489.72,completed,2023-04-25,489.72,3.51,Good,Q2,9.55,0.88,10.0,0,75.6
1584,3923,W2,Packing,26.92,92.19,2,451.52,completed,2024-04-26,451.52,2.23,Good,Q4,9.22,0.56,5.0,0,61.2
1585,3149,W1,Sorting,16.09,96.31,1,470.17,failed,2025-05-02,,3.73,Good,Q3,9.63,0.93,7.5,10,54.8
1586,4124,W4,Packaging,10.58,98.71,1,147.82,completed,2024-06-18,147.82,5.67,Excellent,Q3,9.87,1.42,7.5,0,71.8
1587,1172,W2,Packaging,19.55,90.19,0,414.71,completed,2024-03-24,414.71,3.07,Fair,Q2,9.02,0.77,10.0,0,73.5
1588,3598,W2,Packaging,13.96,93.28,2,338.58,failed,2025-03-21,,4.3,Good,Q4,9.33,1.07,5.0,10,47.8
1589,1855,W1,Sorting,15.06,87.39,1,507.37,completed,2024-04-15,507.37,3.98,Fair,Q3,8.74,1.0,7.5,0,66.8
1590,4395,W5,Packing,21.16,87.03,0,322.38,completed,2023-12-03,322.38,2.84,Fair,Q2,8.7,0.71,10.0,0,72.2
1591,2590,W4,Packaging,23.42,96.66,0,327.54,completed,2023-11-24,327.54,2.56,Good,Q2,9.67,0.64,10.0,0,75.4
1592,2168,W2,Sorting,19.06,86.85,2,114.5,completed,2025-07-13,114.5,3.15,Fair,Q4,8.68,0.79,5.0,0,59.9
1593,4295,W1,Packing,14.12,90.7,0,49.79,completed,2023-08-07,49.79,4.25,Fair,Q2,9.07,1.06,10.0,0,74.4
1594,1877,W2,Packaging,21.79,90.7,0,590.94,pending,2026-04-29,,2.75,Fair,Q2,9.07,0.69,10.0,5,66.0
1595,1097,W3,Sorting,17.24,89.58,3,196.03,completed,2024-09-26,196.03,3.48,Fair,Q4,8.96,0.87,2.5,0,54.8
1596,2591,W1,Packaging,10.87,97.24,0,805.57,pending,2024-11-01,,5.52,Excellent,Q2,9.72,1.38,10.0,5,70.0
1597,2017,W4,Packing,19.95,99.51,0,838.96,completed,2023-06-09,838.96,3.01,Excellent,Q2,9.95,0.75,10.0,0,76.7
1598,2123,W5,Picking,18.27,94.64,0,730.73,cancelled,2023-01-01,,3.28,Good,Q2,9.46,0.82,10.0,10,60.2
1599,2733,W3,Packing,15.52,92.72,2,174.31,completed,2025-02-02,174.31,3.87,Good,Q4,9.27,0.97,5.0,0,62.4
1600,2237,W1,Sorting,19.95,99.59,1,765.27,completed,2023-10-18,765.27,3.01,Excellent,Q3,9.96,0.75,7.5,0,70.5
1601,3792,W3,Packing,25.02,89.03,2,636.46,failed,2023-03-04,,2.4,Fair,Q4,8.9,0.6,5.0,10,45.1
1602,3374,W4,Packaging,27.17,98.91,1,741.28,completed,2026-02-15,741.28,2.21,Excellent,Q3,9.89,0.55,7.5,0,69.7
1603,2545,W3,Sorting,17.73,91.34,1,346.95,completed,2023-03-03,346.95,3.38,Fair,Q3,9.13,0.85,7.5,0,67.8
1604,1180,W1,Packing,14.35,92.18,1,26.08,completed,2023-05-10,26.08,4.18,Good,Q3,9.22,1.05,7.5,0,68.6
1605,3824,W3,Sorting,20.55,94.92,0,172.04,completed,2025-07-06,172.04,2.92,Good,Q2,9.49,0.73,10.0,0,75.0
1606,3001,W1,Picking,4.49,99.49,0,810.04,cancelled,2024-04-19,,13.36,Excellent,Q2,9.95,3.34,10.0,10,68.2
1607,2520,W1,Sorting,14.3,90.25,0,564.93,completed,2026-02-02,564.93,4.2,Fair,Q2,9.03,1.05,10.0,0,74.2
1608,2524,W5,Packaging,21.51,86.88,0,499.48,completed,2025-08-15,499.48,2.79,Fair,Q2,8.69,0.7,10.0,0,72.2
1609,1354,W3,Sorting,14.5,84.48,0,817.76,completed,2026-05-18,817.76,4.14,Poor,Q2,8.45,1.03,10.0,0,72.2
1610,3786,W3,Packaging,13.03,91.77,2,644.34,completed,2023-12-03,644.34,4.6,Fair,Q4,9.18,1.15,5.0,0,62.5
1611,1653,W1,Sorting,23.25,88.48,0,709.73,completed,2026-03-20,709.73,2.58,Fair,Q2,8.85,0.65,10.0,0,72.6
1612,3053,W2,Packaging,16.37,85.08,3,750.4,pending,2026-01-19,,3.67,Fair,Q4,8.51,0.92,2.5,5,45.8
1613,4226,W1,Picking,15.61,100.0,2,586.15,completed,2024-11-16,586.15,3.84,Excellent,Q4,10.0,0.96,5.0,0,64.9
1614,3142,W4,Picking,12.29,100.0,0,797.33,completed,2025-03-15,797.33,4.88,Excellent,Q2,10.0,1.22,10.0,0,78.0
1615,3842,W2,Sorting,16.14,77.31,2,145.01,pending,2024-01-21,,3.72,Poor,Q4,7.73,0.93,5.0,5,49.4
1616,4095,W1,Picking,22.9,100.0,0,270.97,completed,2025-04-11,270.97,2.62,Excellent,Q2,10.0,0.66,10.0,0,76.7
1617,1760,W3,Packaging,25.14,98.79,1,116.1,completed,2023-05-27,116.1,2.39,Excellent,Q3,9.88,0.6,7.5,0,69.8
1618,1043,W1,Sorting,18.98,99.86,3,567.42,completed,2026-05-08,567.42,3.16,Excellent,Q4,9.99,0.79,2.5,0,58.2
1619,1171,W3,Sorting,20.77,95.99,0,528.36,completed,2025-10-03,528.36,2.89,Good,Q2,9.6,0.72,10.0,0,75.4
1620,2571,W1,Packing,14.55,100.0,1,734.08,completed,2026-01-08,734.08,4.12,Excellent,Q3,10.0,1.03,7.5,0,71.3
1621,1158,W1,Packing,14.22,92.05,2,37.82,completed,2025-09-25,37.82,4.22,Good,Q4,9.21,1.05,5.0,0,62.4
1622,3585,W1,Packing,16.56,97.11,1,708.58,completed,2023-07-12,708.58,3.62,Excellent,Q3,9.71,0.91,7.5,0,70.0
1623,4500,W4,Packing,17.78,100.0,2,663.93,pending,2025-07-13,,3.37,Excellent,Q4,10.0,0.84,5.0,5,57.1
1624,1115,W2,Packing,21.52,87.93,0,578.83,completed,2025-11-02,578.83,2.79,Fair,Q2,8.79,0.7,10.0,0,72.5
1625,1199,W4,Picking,7.68,99.62,0,560.84,completed,2024-06-02,560.84,7.81,Excellent,Q2,9.96,1.95,10.0,0,79.7
1626,1666,W5,Picking,27.15,82.69,1,259.98,completed,2023-03-23,259.98,2.21,Poor,Q3,8.27,0.55,7.5,0,64.1
1627,2586,W3,Sorting,14.31,82.2,2,222.95,completed,2023-12-28,222.95,4.19,Poor,Q4,8.22,1.05,5.0,0,58.9
1628,3020,W4,Picking,17.86,99.53,3,502.28,completed,2024-04-13,502.28,3.36,Excellent,Q4,9.95,0.84,2.5,0,58.2
1629,2501,W4,Picking,20.47,100.0,2,380.81,completed,2025-05-30,380.81,2.93,Excellent,Q4,10.0,0.73,5.0,0,64.3
1630,3282,W1,Sorting,16.69,96.36,2,247.88,completed,2025-05-14,247.88,3.59,Good,Q4,9.64,0.9,5.0,0,63.5
1631,1563,W1,Picking,21.12,93.19,0,218.1,completed,2023-09-05,218.1,2.84,Good,Q2,9.32,0.71,10.0,0,74.4
1632,3236,W1,Packaging,17.94,96.52,1,565.98,completed,2025-02-03,565.98,3.34,Good,Q3,9.65,0.84,7.5,0,69.6
1633,1829,W5,Sorting,29.99,85.74,1,48.2,completed,2023-10-29,48.2,2.0,Fair,Q3,8.57,0.5,7.5,0,65.0
1634,1049,W3,Packaging,16.38,91.62,1,441.01,pending,2023-08-19,,3.66,Fair,Q3,9.16,0.92,7.5,5,60.6
1635,4281,W5,Sorting,33.09,87.26,4,733.59,completed,2024-03-13,733.59,1.81,Fair,Q4,8.73,0.45,0,0,46.7
1636,3568,W2,Packing,29.14,90.65,2,476.78,completed,2026-01-13,476.78,2.06,Fair,Q4,9.07,0.51,5.0,0,60.5
1637,1297,W1,Packaging,18.76,93.75,1,841.54,completed,2026-03-05,841.54,3.2,Good,Q3,9.38,0.8,7.5,0,68.6
1638,4391,W2,Packaging,14.31,86.2,2,797.9,completed,2024-06-21,797.9,4.19,Fair,Q4,8.62,1.05,5.0,0,60.3
1639,2530,W4,Picking,19.44,99.14,0,621.62,pending,2025-03-11,,3.09,Excellent,Q2,9.91,0.77,10.0,5,69.1
1640,2665,W4,Packaging,18.41,100.0,2,675.04,pending,2023-11-19,,3.26,Excellent,Q4,10.0,0.81,5.0,5,57.0
1641,4182,W2,Sorting,27.83,90.76,0,603.24,completed,2023-10-26,603.24,2.16,Fair,Q2,9.08,0.54,10.0,0,73.1
1642,2398,W1,Sorting,21.99,91.68,3,838.88,completed,2024-09-13,838.88,2.73,Fair,Q4,9.17,0.68,2.5,0,55.0
1643,3414,W5,Sorting,26.26,83.25,0,715.99,cancelled,2026-02-21,,2.28,Poor,Q2,8.32,0.57,10.0,10,55.5
1644,3117,W5,Packaging,21.65,93.4,2,300.91,completed,2026-06-16,300.91,2.77,Good,Q4,9.34,0.69,5.0,0,61.9
1645,2327,W1,Sorting,28.13,89.52,0,788.89,completed,2024-05-05,788.89,2.13,Fair,Q2,8.95,0.53,10.0,0,72.6
1646,2685,W5,Packaging,18.99,86.91,4,447.26,completed,2024-07-24,447.26,3.16,Fair,Q4,8.69,0.79,0,0,47.4
1647,1778,W3,Packing,20.8,98.8,1,589.76,completed,2025-01-10,589.76,2.88,Excellent,Q3,9.88,0.72,7.5,0,70.1
1648,3960,W5,Sorting,14.04,82.09,2,112.87,completed,2024-08-19,112.87,4.27,Poor,Q4,8.21,1.07,5.0,0,58.9
1649,2604,W2,Packaging,16.97,88.3,3,328.12,completed,2025-09-18,328.12,3.54,Fair,Q4,8.83,0.88,2.5,0,54.4
1650,2542,W3,Packing,12.28,97.01,2,225.87,completed,2026-02-01,225.87,4.89,Excellent,Q4,9.7,1.22,5.0,0,64.5
1651,4363,W4,Picking,16.66,95.36,0,474.79,completed,2024-07-21,474.79,3.6,Good,Q2,9.54,0.9,10.0,0,75.6
1652,3438,W5,Packing,21.96,92.61,2,834.72,completed,2023-08-10,834.72,2.73,Good,Q4,9.26,0.68,5.0,0,61.6
1653,4470,W4,Packing,19.31,97.22,0,60.51,completed,2023-05-24,60.51,3.11,Excellent,Q2,9.72,0.78,10.0,0,76.0
1654,3812,W3,Picking,23.28,95.59,3,788.0,completed,2025-05-16,788.0,2.58,Good,Q4,9.56,0.64,2.5,0,56.3
1655,2760,W2,Picking,18.16,92.57,0,246.44,cancelled,2024-05-07,,3.3,Good,Q2,9.26,0.83,10.0,10,59.5
1656,4443,W2,Packaging,25.96,88.15,1,476.43,completed,2024-04-29,476.43,2.31,Fair,Q3,8.82,0.58,7.5,0,66.1
1657,3524,W2,Picking,17.37,95.37,2,184.62,completed,2023-02-05,184.62,3.45,Good,Q4,9.54,0.86,5.0,0,63.0
1658,1510,W2,Picking,10.03,84.65,0,690.97,completed,2023-07-15,690.97,5.98,Poor,Q2,8.46,1.5,10.0,0,73.4
1659,1978,W2,Packing,17.69,90.71,2,104.67,completed,2024-09-23,104.67,3.39,Fair,Q4,9.07,0.85,5.0,0,61.4
1660,2819,W4,Packing,20.13,96.37,3,356.13,completed,2025-06-25,356.13,2.98,Good,Q4,9.64,0.75,2.5,0,56.9
1661,2788,W2,Packing,20.6,89.24,1,577.21,cancelled,2025-12-09,,2.91,Fair,Q3,8.92,0.73,7.5,10,51.8
1662,1841,W3,Sorting,16.03,87.94,1,384.23,completed,2025-02-02,384.23,3.74,Fair,Q3,8.79,0.94,7.5,0,66.9
1663,2659,W2,Picking,17.26,89.1,1,277.37,completed,2024-07-15,277.37,3.48,Fair,Q3,8.91,0.87,7.5,0,67.1
1664,3811,W2,Sorting,18.49,82.34,3,817.15,cancelled,2026-02-27,,3.24,Poor,Q4,8.23,0.81,2.5,10,37.1
1665,3966,W2,Picking,20.34,89.03,0,424.95,completed,2025-07-01,424.95,2.95,Fair,Q2,8.9,0.74,10.0,0,73.0
1666,2064,W4,Picking,19.25,96.37,1,776.18,completed,2025-09-07,776.18,3.12,Good,Q3,9.64,0.78,7.5,0,69.4
1667,2562,W2,Packaging,14.82,88.53,0,45.3,completed,2025-01-16,45.3,4.05,Fair,Q2,8.85,1.01,10.0,0,73.5
1668,1205,W1,Packaging,16.36,97.02,0,595.59,completed,2024-05-27,595.59,3.67,Excellent,Q2,9.7,0.92,10.0,0,76.2
1669,2276,W1,Sorting,16.15,100.0,0,206.29,completed,2023-12-08,206.29,3.72,Excellent,Q2,10.0,0.93,10.0,0,77.3
1670,4212,W5,Picking,30.75,92.4,1,561.61,completed,2023-12-27,561.61,1.95,Good,Q3,9.24,0.49,7.5,0,67.3
1671,1275,W3,Packing,21.1,91.9,1,609.96,failed,2023-07-27,,2.84,Fair,Q3,9.19,0.71,7.5,10,52.7
1672,1732,W3,Packaging,14.52,95.52,0,323.06,completed,2023-11-09,323.06,4.13,Good,Q2,9.55,1.03,10.0,0,76.0
1673,3066,W5,Packaging,30.82,89.93,1,32.3,completed,2023-04-27,32.3,1.95,Fair,Q3,8.99,0.49,7.5,0,66.4
1674,3494,W4,Packaging,10.43,88.8,1,217.01,completed,2025-01-22,217.01,5.75,Fair,Q3,8.88,1.44,7.5,0,68.4
1675,1173,W5,Sorting,15.24,88.56,1,521.02,completed,2023-05-18,521.02,3.94,Fair,Q3,8.86,0.98,7.5,0,67.2
1676,2617,W4,Packaging,13.5,89.45,1,580.73,completed,2026-02-01,580.73,4.44,Fair,Q3,8.95,1.11,7.5,0,67.8
1677,4430,W5,Packing,14.54,89.8,0,497.19,cancelled,2025-04-09,,4.13,Fair,Q2,8.98,1.03,10.0,10,59.0
1678,1300,W3,Packing,17.12,95.0,0,45.41,completed,2026-05-13,45.41,3.5,Good,Q2,9.5,0.88,10.0,0,75.5
1679,4073,W3,Sorting,23.45,89.68,1,421.83,completed,2023-02-02,421.83,2.56,Fair,Q3,8.97,0.64,7.5,0,66.7
1680,4107,W2,Packing,21.65,90.11,0,508.01,pending,2023-10-14,,2.77,Fair,Q2,9.01,0.69,10.0,5,65.8
1681,2905,W3,Packing,21.77,93.99,0,404.4,completed,2025-01-30,404.4,2.76,Good,Q2,9.4,0.69,10.0,0,74.6
1682,3621,W2,Packing,22.76,93.01,1,136.52,completed,2023-07-27,136.52,2.64,Good,Q3,9.3,0.66,7.5,0,68.0
1683,2453,W3,Sorting,14.58,92.76,0,514.53,completed,2025-11-15,514.53,4.12,Good,Q2,9.28,1.03,10.0,0,75.1
1684,2357,W5,Packing,17.22,96.3,1,71.58,completed,2024-02-01,71.58,3.48,Good,Q3,9.63,0.87,7.5,0,69.6
1685,3583,W3,Packaging,24.24,98.53,0,440.44,completed,2025-12-03,440.44,2.48,Excellent,Q2,9.85,0.62,10.0,0,76.0
1686,2337,W3,Picking,15.74,93.62,2,304.68,completed,2024-08-06,304.68,3.81,Good,Q4,9.36,0.95,5.0,0,62.6
1687,3729,W3,Picking,7.5,92.15,0,444.17,pending,2026-01-27,,8.0,Good,Q2,9.22,2.0,10.0,5,69.8
1688,3925,W5,Picking,14.48,95.56,3,290.68,failed,2025-06-19,,4.14,Good,Q4,9.56,1.04,2.5,10,42.3
1689,2240,W3,Packaging,19.5,93.7,0,49.98,completed,2023-01-25,49.98,3.08,Good,Q2,9.37,0.77,10.0,0,74.7
1690,2748,W2,Packaging,23.34,93.49,3,752.44,completed,2026-01-25,752.44,2.57,Good,Q4,9.35,0.64,2.5,0,55.6
1691,4223,W5,Sorting,26.56,98.71,2,622.24,failed,2023-05-16,,2.26,Excellent,Q4,9.87,0.56,5.0,10,48.4
1692,3741,W2,Packing,21.78,93.12,3,110.39,cancelled,2025-07-30,,2.75,Good,Q4,9.31,0.69,2.5,10,40.6
1693,2354,W3,Sorting,23.11,91.05,0,695.01,cancelled,2024-10-30,,2.6,Fair,Q2,9.11,0.65,10.0,10,58.5
1694,4302,W5,Packaging,17.23,92.23,0,584.97,completed,2026-05-01,584.97,3.48,Good,Q2,9.22,0.87,10.0,0,74.4
1695,2657,W2,Packaging,16.35,92.29,2,827.26,pending,2023-04-16,,3.67,Good,Q4,9.23,0.92,5.0,5,54.6
1696,4459,W5,Sorting,21.24,86.44,4,478.44,pending,2024-03-24,,2.82,Fair,Q4,8.64,0.71,0,5,39.5
1697,3320,W2,Packing,27.51,87.33,0,348.88,cancelled,2024-11-09,,2.18,Fair,Q2,8.73,0.55,10.0,10,56.9
1698,4174,W3,Picking,16.21,89.43,0,568.51,completed,2024-10-04,568.51,3.7,Fair,Q2,8.94,0.93,10.0,0,73.6
1699,2261,W1,Packing,12.89,96.31,2,324.27,completed,2024-04-27,324.27,4.65,Good,Q4,9.63,1.16,5.0,0,64.1
1700,1963,W4,Packing,16.39,93.29,1,374.14,cancelled,2024-08-09,,3.66,Good,Q3,9.33,0.92,7.5,10,53.7
1701,4020,W2,Packaging,14.52,87.9,1,83.73,completed,2023-01-18,83.73,4.13,Fair,Q3,8.79,1.03,7.5,0,67.1
1702,3654,W2,Packing,18.76,98.96,3,689.76,completed,2023-11-08,689.76,3.2,Excellent,Q4,9.9,0.8,2.5,0,57.9
1703,3867,W1,Picking,19.86,97.98,1,781.6,completed,2025-01-01,781.6,3.02,Excellent,Q3,9.8,0.76,7.5,0,70.0
1704,3387,W5,Picking,13.53,94.1,0,47.52,completed,2023-06-18,47.52,4.43,Good,Q2,9.41,1.11,10.0,0,75.7
1705,3430,W1,Picking,16.88,99.58,0,104.79,pending,2024-08-19,,3.55,Excellent,Q2,9.96,0.89,10.0,5,69.6
1706,2064,W5,Picking,29.85,90.99,2,521.15,pending,2023-11-19,,2.01,Fair,Q4,9.1,0.5,5.0,5,53.1
1707,2936,W5,Picking,20.47,94.52,0,150.94,completed,2025-07-15,150.94,2.93,Good,Q2,9.45,0.73,10.0,0,74.9
1708,1963,W3,Sorting,22.22,90.79,0,688.82,completed,2024-09-25,688.82,2.7,Fair,Q2,9.08,0.68,10.0,0,73.5
1709,1441,W3,Packaging,19.33,96.47,2,113.29,completed,2025-07-08,113.29,3.1,Good,Q4,9.65,0.78,5.0,0,63.2
1710,1979,W2,Packaging,23.19,90.27,2,282.16,pending,2025-09-13,,2.59,Fair,Q4,9.03,0.65,5.0,5,53.2
1711,1859,W4,Packing,9.63,87.97,0,797.76,completed,2025-08-27,797.76,6.23,Fair,Q2,8.8,1.56,10.0,0,74.7
1712,4494,W1,Sorting,16.66,93.33,1,41.2,completed,2024-05-31,41.2,3.6,Good,Q3,9.33,0.9,7.5,0,68.7
1713,4341,W4,Packaging,3.71,98.77,1,390.43,pending,2024-10-31,,16.17,Excellent,Q3,9.88,4.04,7.5,5,70.9
1714,4208,W4,Sorting,8.46,93.78,0,168.61,failed,2023-12-03,,7.09,Good,Q2,9.38,1.77,10.0,10,62.3
1715,3028,W3,Packing,21.4,91.16,1,443.17,completed,2024-07-23,443.17,2.8,Fair,Q3,9.12,0.7,7.5,0,67.4
1716,4277,W2,Packaging,20.72,91.74,0,608.99,completed,2026-06-13,608.99,2.9,Fair,Q2,9.17,0.72,10.0,0,73.9
1717,3697,W3,Sorting,10.13,92.7,0,292.65,completed,2025-10-31,292.65,5.92,Good,Q2,9.27,1.48,10.0,0,76.1
1718,2781,W3,Packing,18.18,99.2,1,526.21,cancelled,2023-03-22,,3.3,Excellent,Q3,9.92,0.83,7.5,10,55.5
1719,4243,W4,Sorting,18.25,92.49,0,538.58,completed,2023-05-09,538.58,3.29,Good,Q2,9.25,0.82,10.0,0,74.4
1720,2290,W4,Packing,21.44,100.0,0,207.84,cancelled,2026-04-25,,2.8,Excellent,Q2,10.0,0.7,10.0,10,61.8
1721,2617,W2,Packing,28.19,85.17,2,498.94,completed,2024-06-27,498.94,2.13,Fair,Q4,8.52,0.53,5.0,0,58.6
1722,2761,W1,Packaging,10.21,99.67,0,346.48,completed,2023-04-08,346.48,5.88,Excellent,Q2,9.97,1.47,10.0,0,78.6
1723,4140,W1,Sorting,28.37,87.2,3,626.85,completed,2024-09-19,626.85,2.11,Fair,Q4,8.72,0.53,2.5,0,53.1
1724,4193,W5,Picking,20.83,86.97,0,476.22,completed,2023-08-26,476.22,2.88,Fair,Q2,8.7,0.72,10.0,0,72.2
1725,3649,W2,Packing,17.63,94.52,2,81.53,completed,2024-05-17,81.53,3.4,Good,Q4,9.45,0.85,5.0,0,62.7
1726,2197,W4,Picking,22.43,100.0,0,156.13,completed,2024-06-10,156.13,2.67,Excellent,Q2,10.0,0.67,10.0,0,76.7
1727,3221,W4,Packaging,17.25,98.69,3,273.43,cancelled,2026-01-28,,3.48,Excellent,Q4,9.87,0.87,2.5,10,43.0
1728,1981,W1,Picking,22.47,100.0,0,17.78,failed,2023-05-16,,2.67,Excellent,Q2,10.0,0.67,10.0,10,61.7
1729,1500,W3,Packaging,15.17,95.21,1,403.52,completed,2025-09-12,403.52,3.96,Good,Q3,9.52,0.99,7.5,0,69.5
1730,4303,W5,Sorting,14.15,85.71,2,162.29,pending,2024-01-23,,4.24,Fair,Q4,8.57,1.06,5.0,5,52.6
1731,1664,W5,Sorting,28.7,83.84,4,843.42,pending,2023-10-26,,2.09,Poor,Q4,8.38,0.52,0,5,38.1
1732,4101,W3,Packaging,15.97,93.63,0,842.58,completed,2024-12-20,842.58,3.76,Good,Q2,9.36,0.94,10.0,0,75.1
1733,1686,W1,Sorting,20.21,88.69,2,351.05,cancelled,2024-01-25,,2.97,Fair,Q4,8.87,0.74,5.0,10,45.4
1734,1928,W5,Packing,13.51,88.58,1,844.17,pending,2025-10-09,,4.44,Fair,Q3,8.86,1.11,7.5,5,60.0
1735,2455,W5,Packing,19.52,86.52,3,18.11,completed,2023-02-05,18.11,3.07,Fair,Q4,8.65,0.77,2.5,0,53.4
1736,1349,W3,Sorting,20.83,97.42,0,734.78,completed,2023-10-02,734.78,2.88,Excellent,Q2,9.74,0.72,10.0,0,75.9
1737,4321,W1,Picking,9.54,98.14,0,114.99,completed,2023-03-08,114.99,6.29,Excellent,Q2,9.81,1.57,10.0,0,78.3
1738,1224,W3,Packaging,14.9,96.06,0,731.98,completed,2024-09-06,731.98,4.03,Good,Q2,9.61,1.01,10.0,0,76.2
1739,2490,W2,Sorting,25.86,88.29,4,829.23,pending,2023-06-03,,2.32,Fair,Q4,8.83,0.58,0,5,39.9
1740,1756,W4,Sorting,6.77,92.93,1,253.1,pending,2023-07-10,,8.86,Good,Q3,9.29,2.22,7.5,5,64.3
1741,1869,W2,Picking,22.04,94.56,0,167.49,completed,2026-04-07,167.49,2.72,Good,Q2,9.46,0.68,10.0,0,74.8
1742,1326,W1,Packaging,26.05,92.95,3,645.29,completed,2026-01-29,645.29,2.3,Good,Q4,9.29,0.58,2.5,0,55.2
1743,2721,W5,Sorting,21.54,85.26,0,275.43,cancelled,2023-07-10,,2.79,Fair,Q2,8.53,0.7,10.0,10,56.6
1744,1016,W3,Sorting,25.98,93.06,1,803.82,pending,2023-08-07,,2.31,Good,Q3,9.31,0.58,7.5,5,60.3
1745,4252,W4,Picking,11.18,100.0,0,483.59,completed,2024-05-22,483.59,5.37,Excellent,Q2,10.0,1.34,10.0,0,78.3
1746,3583,W1,Sorting,25.46,89.71,0,738.69,completed,2023-02-04,738.69,2.36,Fair,Q2,8.97,0.59,10.0,0,72.9
1747,2670,W4,Packaging,22.12,100.0,1,214.22,pending,2023-01-11,,2.71,Excellent,Q3,10.0,0.68,7.5,5,63.0
1748,1974,W5,Sorting,15.99,85.83,0,426.37,completed,2023-05-02,426.37,3.75,Fair,Q2,8.58,0.94,10.0,0,72.4
1749,2685,W4,Packaging,9.27,100.0,0,828.06,completed,2026-03-30,828.06,6.47,Excellent,Q2,10.0,1.62,10.0,0,79.0
1750,3655,W3,Sorting,22.01,93.18,0,365.89,completed,2026-05-24,365.89,2.73,Good,Q2,9.32,0.68,10.0,0,74.3
1751,3624,W4,Picking,12.5,99.66,0,168.94,failed,2026-04-03,,4.8,Excellent,Q2,9.97,1.2,10.0,10,62.9
1752,3995,W1,Packaging,19.62,100.0,2,636.97,completed,2023-05-28,636.97,3.06,Excellent,Q4,10.0,0.76,5.0,0,64.4
1753,3851,W4,Packaging,15.99,98.33,1,107.5,failed,2023-01-29,,3.75,Excellent,Q3,9.83,0.94,7.5,10,55.5
1754,1504,W4,Picking,15.26,96.07,0,556.05,completed,2025-01-25,556.05,3.93,Good,Q2,9.61,0.98,10.0,0,76.1
1755,2594,W3,Packing,14.22,93.32,0,136.84,completed,2024-12-24,136.84,4.22,Good,Q2,9.33,1.05,10.0,0,75.3
1756,2774,W2,Packaging,11.56,95.07,1,225.51,completed,2025-08-07,225.51,5.19,Good,Q3,9.51,1.3,7.5,0,70.3
1757,2176,W2,Picking,22.97,87.05,0,107.2,pending,2023-10-16,,2.61,Fair,Q2,8.71,0.65,10.0,5,64.6
1758,1267,W3,Sorting,18.89,92.44,0,651.8,completed,2026-04-16,651.8,3.18,Good,Q2,9.24,0.79,10.0,0,74.3
1759,2104,W4,Sorting,18.74,96.34,2,819.53,completed,2023-11-25,819.53,3.2,Good,Q4,9.63,0.8,5.0,0,63.2
1760,2575,W4,Packaging,9.18,100.0,2,553.76,completed,2024-03-24,553.76,6.54,Excellent,Q4,10.0,1.63,5.0,0,66.6
1761,4274,W5,Packaging,19.91,84.72,1,564.68,completed,2024-09-27,564.68,3.01,Poor,Q3,8.47,0.75,7.5,0,65.3
1762,2032,W4,Picking,11.5,100.0,0,765.48,completed,2024-05-15,765.48,5.22,Excellent,Q2,10.0,1.3,10.0,0,78.2
1763,3268,W5,Packaging,21.41,89.45,2,590.85,completed,2025-05-09,590.85,2.8,Fair,Q4,8.95,0.7,5.0,0,60.6
1764,4130,W5,Sorting,21.66,87.47,2,270.79,completed,2025-05-20,270.79,2.77,Fair,Q4,8.75,0.69,5.0,0,59.8
1765,2556,W3,Sorting,14.27,87.59,3,313.0,completed,2025-08-24,313.0,4.2,Fair,Q4,8.76,1.05,2.5,0,54.5
1766,4108,W5,Packaging,19.42,85.93,4,313.0,cancelled,2024-05-08,,3.09,Fair,Q4,8.59,0.77,0,10,32.0
1767,1947,W5,Sorting,16.97,88.97,1,763.1,completed,2025-04-21,763.1,3.54,Fair,Q3,8.9,0.88,7.5,0,67.1
1768,3246,W1,Packaging,14.83,89.11,0,100.68,completed,2025-06-22,100.68,4.05,Fair,Q2,8.91,1.01,10.0,0,73.7
1769,2148,W2,Packaging,20.44,92.77,1,356.63,pending,2026-04-20,,2.94,Good,Q3,9.28,0.73,7.5,5,60.6
1770,2025,W4,Packaging,27.58,100.0,0,93.08,completed,2026-05-10,93.08,2.18,Excellent,Q2,10.0,0.54,10.0,0,76.3
1771,4449,W5,Packaging,18.67,84.87,0,20.31,completed,2025-09-29,20.31,3.21,Poor,Q2,8.49,0.8,10.0,0,71.7
1772,3357,W2,Packing,14.16,93.93,2,206.49,cancelled,2024-07-22,,4.24,Good,Q4,9.39,1.06,5.0,10,48.0
1773,3569,W1,Packing,25.27,91.93,0,631.98,completed,2026-03-16,631.98,2.37,Fair,Q2,9.19,0.59,10.0,0,73.6
1774,1734,W1,Sorting,17.76,94.08,0,52.75,completed,2024-02-06,52.75,3.38,Good,Q2,9.41,0.84,10.0,0,75.0
1775,3965,W2,Packaging,12.86,92.43,1,113.43,completed,2024-02-23,113.43,4.67,Good,Q3,9.24,1.17,7.5,0,69.0
1776,1651,W3,Sorting,22.06,86.35,2,711.07,pending,2025-08-28,,2.72,Fair,Q4,8.63,0.68,5.0,5,51.9
1777,1645,W4,Picking,18.23,98.74,1,85.83,completed,2024-03-09,85.83,3.29,Excellent,Q3,9.87,0.82,7.5,0,70.3
1778,3923,W1,Packaging,12.64,89.81,1,153.77,completed,2025-12-01,153.77,4.75,Fair,Q3,8.98,1.19,7.5,0,68.2
1779,2740,W5,Sorting,32.23,98.26,0,811.27,cancelled,2023-12-19,,1.86,Excellent,Q2,9.83,0.47,10.0,10,60.6
1780,4161,W5,Packing,20.27,88.42,2,627.4,completed,2023-02-11,627.4,2.96,Fair,Q4,8.84,0.74,5.0,0,60.3
1781,1519,W2,Packing,21.39,85.67,3,680.16,completed,2023-04-21,680.16,2.81,Fair,Q4,8.57,0.7,2.5,0,53.0
1782,4345,W2,Picking,22.37,88.23,2,609.89,completed,2023-10-04,609.89,2.68,Fair,Q4,8.82,0.67,5.0,0,60.0
1783,1303,W1,Packaging,17.3,97.57,2,521.76,completed,2024-05-09,521.76,3.47,Excellent,Q4,9.76,0.87,5.0,0,63.8
1784,1557,W5,Picking,16.54,88.28,1,292.28,completed,2024-01-01,292.28,3.63,Fair,Q3,8.83,0.91,7.5,0,66.9
1785,1605,W1,Packing,19.04,92.73,1,89.63,completed,2025-06-24,89.63,3.15,Good,Q3,9.27,0.79,7.5,0,68.2
1786,1674,W1,Packing,10.1,88.34,0,283.74,pending,2024-07-19,,5.94,Fair,Q2,8.83,1.49,10.0,5,67.1
1787,1124,W3,Picking,17.57,96.47,0,691.01,completed,2023-06-21,691.01,3.41,Good,Q2,9.65,0.85,10.0,0,75.9
1788,1779,W3,Packaging,16.65,96.49,0,84.0,pending,2025-09-11,,3.6,Good,Q2,9.65,0.9,10.0,5,68.5
1789,3945,W1,Packing,12.93,93.66,1,520.07,pending,2023-11-03,,4.64,Good,Q3,9.37,1.16,7.5,5,61.9
1790,4082,W3,Sorting,11.32,98.54,3,554.08,completed,2024-08-21,554.08,5.3,Excellent,Q4,9.85,1.33,2.5,0,59.0
1791,4145,W3,Packaging,20.2,89.6,0,425.1,completed,2023-06-06,425.1,2.97,Fair,Q2,8.96,0.74,10.0,0,73.2
1792,2554,W2,Packaging,17.37,89.65,3,50.45,pending,2025-08-18,,3.45,Fair,Q4,8.96,0.86,2.5,5,47.3
1793,3607,W1,Packing,19.12,94.95,0,330.54,completed,2024-11-30,330.54,3.14,Good,Q2,9.5,0.78,10.0,0,75.2
1794,1503,W1,Sorting,9.94,92.44,2,330.4,pending,2024-04-27,,6.04,Good,Q4,9.24,1.51,5.0,5,56.1
1795,1697,W4,Packaging,2.0,95.5,0,273.96,pending,2026-03-27,,30.0,Good,Q2,9.55,7.5,10.0,5,84.7
1796,1984,W4,Picking,16.36,100.0,0,354.62,completed,2025-04-20,354.62,3.67,Excellent,Q2,10.0,0.92,10.0,0,77.3
1797,3153,W5,Packing,21.81,87.88,0,798.73,completed,2024-01-14,798.73,2.75,Fair,Q2,8.79,0.69,10.0,0,72.5
1798,2035,W2,Picking,13.79,95.75,0,737.48,completed,2025-12-18,737.48,4.35,Good,Q2,9.57,1.09,10.0,0,76.2
1799,2019,W1,Picking,14.46,87.12,0,410.49,completed,2025-11-22,410.49,4.15,Fair,Q2,8.71,1.04,10.0,0,73.1
1800,1992,W2,Packing,15.65,92.31,3,348.76,completed,2023-11-14,348.76,3.83,Good,Q4,9.23,0.96,2.5,0,56.0
1801,3992,W1,Packaging,13.93,93.22,1,574.03,completed,2024-09-21,574.03,4.31,Good,Q3,9.32,1.08,7.5,0,69.1
1802,2508,W4,Sorting,23.92,93.89,2,613.69,completed,2025-12-18,613.69,2.51,Good,Q4,9.39,0.63,5.0,0,61.9
1803,3587,W4,Packaging,20.09,95.66,0,340.8,completed,2025-03-09,340.8,2.99,Good,Q2,9.57,0.75,10.0,0,75.4
1804,1764,W2,Sorting,22.14,85.98,2,744.34,failed,2025-04-05,,2.71,Fair,Q4,8.6,0.68,5.0,10,44.3
1805,1346,W2,Sorting,20.1,85.25,4,34.43,completed,2025-08-20,34.43,2.99,Fair,Q4,8.53,0.75,0,0,46.7
1806,4337,W4,Sorting,15.41,93.08,2,495.72,completed,2025-12-22,495.72,3.89,Good,Q4,9.31,0.97,5.0,0,62.5
1807,2128,W5,Picking,19.22,87.49,0,164.01,pending,2024-11-10,,3.12,Fair,Q2,8.75,0.78,10.0,5,65.1
1808,2186,W2,Packing,18.57,88.15,0,298.84,completed,2023-04-28,298.84,3.23,Fair,Q2,8.82,0.81,10.0,0,72.9
1809,3404,W3,Packaging,20.39,100.0,1,454.39,completed,2024-10-07,454.39,2.94,Excellent,Q3,10.0,0.74,7.5,0,70.6
1810,3913,W1,Packing,14.66,97.13,0,90.2,pending,2026-05-13,,4.09,Excellent,Q2,9.71,1.02,10.0,5,69.0
1811,3584,W4,Packing,18.46,90.62,0,510.42,pending,2024-02-10,,3.25,Fair,Q2,9.06,0.81,10.0,5,66.2
1812,2665,W4,Packaging,14.34,86.83,0,47.74,completed,2023-03-13,47.74,4.18,Fair,Q2,8.68,1.05,10.0,0,73.0
1813,2891,W1,Picking,11.28,94.23,0,340.1,cancelled,2025-10-22,,5.32,Good,Q2,9.42,1.33,10.0,10,61.3
1814,1120,W4,Picking,10.75,100.0,2,847.71,completed,2026-04-15,847.71,5.58,Excellent,Q4,10.0,1.4,5.0,0,66.0
1815,2545,W1,Sorting,20.79,94.15,0,219.06,pending,2024-11-14,,2.89,Good,Q2,9.41,0.72,10.0,5,67.2
1816,3968,W4,Packing,10.49,93.17,4,114.95,completed,2025-04-30,114.95,5.72,Good,Q4,9.32,1.43,0,0,51.2
1817,4311,W1,Packaging,13.45,93.16,1,519.08,completed,2023-09-10,519.08,4.46,Good,Q3,9.32,1.12,7.5,0,69.2
1818,2404,W5,Sorting,21.49,86.04,3,457.46,completed,2023-02-24,457.46,2.79,Fair,Q4,8.6,0.7,2.5,0,53.1
1819,3071,W5,Packaging,18.45,90.85,1,521.48,pending,2023-10-30,,3.25,Fair,Q3,9.08,0.81,7.5,5,60.1
1820,1149,W1,Packaging,5.25,93.38,2,92.01,completed,2024-08-25,92.01,11.43,Good,Q4,9.34,2.86,5.0,0,67.3
1821,2619,W2,Packing,25.21,91.12,4,213.44,failed,2025-05-27,,2.38,Fair,Q4,9.11,0.6,0,10,33.4
1822,4467,W4,Picking,16.38,100.0,1,371.14,completed,2023-02-06,371.14,3.66,Excellent,Q3,10.0,0.92,7.5,0,71.1
1823,4351,W1,Packaging,26.77,98.34,0,522.2,cancelled,2023-02-25,,2.24,Excellent,Q2,9.83,0.56,10.0,10,60.8
1824,1718,W4,Packaging,20.25,100.0,2,192.73,completed,2024-03-23,192.73,2.96,Excellent,Q4,10.0,0.74,5.0,0,64.4
1825,4471,W3,Sorting,21.85,87.55,2,420.3,completed,2025-09-20,420.3,2.75,Fair,Q4,8.75,0.69,5.0,0,59.8
1826,1165,W4,Packaging,22.35,100.0,0,257.48,completed,2023-08-26,257.48,2.68,Excellent,Q2,10.0,0.67,10.0,0,76.7
1827,2953,W2,Sorting,27.92,88.45,1,264.2,cancelled,2026-01-31,,2.15,Fair,Q3,8.85,0.54,7.5,10,51.1
1828,1508,W5,Packaging,22.07,90.86,3,528.11,completed,2023-04-20,528.11,2.72,Fair,Q4,9.09,0.68,2.5,0,54.8
1829,3898,W1,Sorting,16.45,87.68,2,486.33,completed,2023-05-13,486.33,3.65,Fair,Q4,8.77,0.91,5.0,0,60.5
1830,2045,W3,Sorting,20.81,97.71,0,393.35,completed,2026-04-08,393.35,2.88,Excellent,Q2,9.77,0.72,10.0,0,76.0
1831,2539,W2,Packing,18.7,84.72,0,493.22,pending,2024-08-30,,3.21,Poor,Q2,8.47,0.8,10.0,5,64.1
1832,3372,W5,Packing,15.53,86.38,1,669.25,completed,2025-02-25,669.25,3.86,Fair,Q3,8.64,0.97,7.5,0,66.4
1833,4245,W5,Packaging,17.17,88.17,2,490.52,completed,2024-02-03,490.52,3.49,Fair,Q4,8.82,0.87,5.0,0,60.5
1834,4197,W2,Packaging,9.65,94.86,0,201.23,completed,2023-10-17,201.23,6.22,Good,Q2,9.49,1.55,10.0,0,77.1
1835,1634,W4,Packing,18.63,95.17,0,480.85,completed,2025-03-26,480.85,3.22,Good,Q2,9.52,0.81,10.0,0,75.3
1836,4069,W1,Packing,16.85,95.58,1,384.06,pending,2024-03-18,,3.56,Good,Q3,9.56,0.89,7.5,5,61.9
1837,3130,W3,Packaging,18.98,100.0,0,218.71,completed,2023-10-11,218.71,3.16,Excellent,Q2,10.0,0.79,10.0,0,77.0
1838,2669,W5,Picking,16.96,98.75,1,764.2,pending,2023-08-30,,3.54,Excellent,Q3,9.88,0.88,7.5,5,63.0
1839,3771,W2,Packing,11.34,87.73,2,314.53,completed,2023-10-28,314.53,5.29,Fair,Q4,8.77,1.32,5.0,0,61.5
1840,3581,W4,Sorting,23.54,88.74,0,302.84,completed,2023-05-30,302.84,2.55,Fair,Q2,8.87,0.64,10.0,0,72.6
1841,4306,W2,Picking,19.62,91.1,2,655.02,completed,2025-12-18,655.02,3.06,Fair,Q4,9.11,0.76,5.0,0,61.3
1842,2093,W3,Sorting,10.36,91.91,0,175.35,failed,2025-03-27,,5.79,Fair,Q2,9.19,1.45,10.0,10,60.8
1843,1120,W5,Packaging,22.24,86.19,0,48.87,completed,2023-12-03,48.87,2.7,Fair,Q2,8.62,0.67,10.0,0,71.8
1844,2594,W4,Packaging,16.0,94.03,0,516.33,completed,2023-05-09,516.33,3.75,Good,Q2,9.4,0.94,10.0,0,75.2
1845,2371,W1,Picking,16.29,92.58,2,694.95,pending,2023-02-22,,3.68,Good,Q4,9.26,0.92,5.0,5,54.7
1846,3579,W1,Picking,19.17,100.0,1,81.89,completed,2026-05-27,81.89,3.13,Excellent,Q3,10.0,0.78,7.5,0,70.7
1847,2815,W1,Sorting,16.19,94.17,0,501.36,completed,2025-04-22,501.36,3.71,Good,Q2,9.42,0.93,10.0,0,75.3
1848,3028,W2,Picking,16.4,93.4,2,29.04,pending,2025-06-21,,3.66,Good,Q4,9.34,0.91,5.0,5,55.0
1849,2686,W4,Sorting,29.37,97.12,2,652.08,completed,2023-09-24,652.08,2.04,Excellent,Q4,9.71,0.51,5.0,0,62.8
1850,3969,W5,Packaging,15.7,87.85,1,743.49,completed,2025-08-29,743.49,3.82,Fair,Q3,8.79,0.96,7.5,0,66.9
1851,3146,W4,Picking,4.56,94.49,2,33.98,failed,2025-12-28,,13.16,Good,Q4,9.45,3.29,5.0,10,53.8
1852,1543,W3,Picking,19.93,97.8,2,89.47,failed,2024-10-05,,3.01,Excellent,Q4,9.78,0.75,5.0,10,48.6
1853,1839,W3,Packaging,21.97,92.56,0,402.65,completed,2023-12-03,402.65,2.73,Good,Q2,9.26,0.68,10.0,0,74.1
1854,1974,W1,Picking,18.14,99.26,0,641.53,completed,2025-11-17,641.53,3.31,Excellent,Q2,9.93,0.83,10.0,0,76.8
1855,3735,W3,Packaging,4.48,91.47,0,388.65,completed,2026-01-21,388.65,13.39,Fair,Q2,9.15,3.35,10.0,0,80.4
1856,2323,W3,Sorting,21.68,100.0,2,736.91,completed,2023-04-08,736.91,2.77,Excellent,Q4,10.0,0.69,5.0,0,64.2
1857,2850,W2,Packing,29.49,92.07,0,59.17,completed,2024-02-24,59.17,2.03,Good,Q2,9.21,0.51,10.0,0,73.5
1858,4034,W3,Picking,18.12,87.44,0,770.71,completed,2025-10-20,770.71,3.31,Fair,Q2,8.74,0.83,10.0,0,72.7
1859,3412,W5,Packaging,29.44,92.95,0,761.71,cancelled,2026-01-03,,2.04,Good,Q2,9.29,0.51,10.0,10,58.8
1860,3345,W2,Picking,10.93,92.16,4,365.59,completed,2026-01-23,365.59,5.49,Good,Q4,9.22,1.37,0,0,50.7
1861,4369,W3,Packing,16.12,89.74,1,208.41,pending,2026-01-09,,3.72,Fair,Q3,8.97,0.93,7.5,5,60.0
1862,1119,W2,Picking,8.78,95.47,3,280.9,cancelled,2024-11-24,,6.83,Good,Q4,9.55,1.71,2.5,10,44.0
1863,3788,W2,Packing,29.28,91.11,0,372.96,failed,2023-09-01,,2.05,Fair,Q2,9.11,0.51,10.0,10,58.2
1864,2659,W4,Packing,12.79,87.77,2,212.02,completed,2025-11-27,212.02,4.69,Fair,Q4,8.78,1.17,5.0,0,61.2
1865,3577,W2,Picking,25.04,92.87,3,165.67,completed,2024-12-16,165.67,2.4,Good,Q4,9.29,0.6,2.5,0,55.3
1866,4183,W3,Packaging,22.44,88.23,2,320.64,completed,2024-11-17,320.64,2.67,Fair,Q4,8.82,0.67,5.0,0,60.0
1867,1713,W5,Packing,19.63,84.84,2,558.84,failed,2023-05-29,,3.06,Poor,Q4,8.48,0.76,5.0,10,44.1
1868,1161,W5,Packaging,22.58,85.96,2,511.13,completed,2026-02-15,511.13,2.66,Fair,Q4,8.6,0.66,5.0,0,59.2
1869,1519,W5,Sorting,18.34,83.3,2,810.83,completed,2023-03-19,810.83,3.27,Poor,Q4,8.33,0.82,5.0,0,58.7
1870,2774,W3,Picking,6.56,95.37,0,717.87,failed,2026-05-10,,9.15,Good,Q2,9.54,2.29,10.0,10,64.1
1871,1270,W3,Sorting,17.37,97.11,2,477.21,completed,2023-06-22,477.21,3.45,Excellent,Q4,9.71,0.86,5.0,0,63.6
1872,1146,W3,Sorting,13.75,87.65,1,691.57,completed,2025-06-22,691.57,4.36,Fair,Q3,8.77,1.09,7.5,0,67.2
1873,3689,W1,Sorting,19.38,97.79,0,465.29,cancelled,2024-01-18,,3.1,Excellent,Q2,9.78,0.77,10.0,10,61.2
1874,3571,W1,Packing,19.44,96.54,0,68.01,completed,2025-08-02,68.01,3.09,Good,Q2,9.65,0.77,10.0,0,75.7
1875,1630,W4,Packing,21.11,100.0,2,614.98,completed,2023-09-23,614.98,2.84,Excellent,Q4,10.0,0.71,5.0,0,64.3
1876,3791,W3,Packaging,14.59,94.59,0,459.34,completed,2025-12-09,459.34,4.11,Good,Q2,9.46,1.03,10.0,0,75.7
1877,3717,W1,Packing,13.94,88.14,0,752.32,completed,2025-01-08,752.32,4.3,Fair,Q2,8.81,1.08,10.0,0,73.5
1878,3756,W4,Packing,22.66,93.33,2,46.99,pending,2023-09-13,,2.65,Good,Q4,9.33,0.66,5.0,5,54.3
1879,3144,W2,Sorting,25.52,94.22,2,167.43,cancelled,2025-03-16,,2.35,Good,Q4,9.42,0.59,5.0,10,46.9
1880,3614,W4,Packing,13.84,91.07,2,260.63,completed,2024-05-20,260.63,4.34,Fair,Q4,9.11,1.08,5.0,0,62.1
1881,3345,W2,Sorting,23.51,85.82,3,767.77,pending,2023-07-31,,2.55,Fair,Q4,8.58,0.64,2.5,5,45.4
1882,3183,W3,Packing,15.91,99.0,2,288.78,completed,2024-11-22,288.78,3.77,Excellent,Q4,9.9,0.94,5.0,0,64.5
1883,3845,W4,Packaging,14.72,98.42,0,506.92,cancelled,2024-03-31,,4.08,Excellent,Q2,9.84,1.02,10.0,10,62.0
1884,3910,W3,Sorting,17.08,97.96,0,103.69,completed,2025-03-12,103.69,3.51,Excellent,Q2,9.8,0.88,10.0,0,76.5
1885,1064,W3,Sorting,15.72,88.06,4,481.5,completed,2026-06-03,481.5,3.82,Fair,Q4,8.81,0.95,0,0,48.2
1886,2255,W3,Packing,14.88,92.98,2,21.35,pending,2026-06-30,,4.03,Good,Q4,9.3,1.01,5.0,5,55.1
1887,3886,W1,Picking,20.14,100.0,0,450.49,cancelled,2024-11-14,,2.98,Excellent,Q2,10.0,0.74,10.0,10,61.9
1888,2259,W5,Packaging,21.15,96.93,2,190.51,completed,2023-06-30,190.51,2.84,Good,Q4,9.69,0.71,5.0,0,63.2
1889,1878,W3,Sorting,17.33,95.06,3,320.7,completed,2025-05-09,320.7,3.46,Good,Q4,9.51,0.87,2.5,0,56.7
1890,3542,W4,Picking,20.24,91.21,1,53.24,completed,2024-06-28,53.24,2.96,Fair,Q3,9.12,0.74,7.5,0,67.5
1891,3167,W2,Picking,19.06,91.11,1,334.75,completed,2023-09-07,334.75,3.15,Fair,Q3,9.11,0.79,7.5,0,67.6
1892,1027,W5,Packing,18.52,82.6,0,647.73,completed,2024-07-10,647.73,3.24,Poor,Q2,8.26,0.81,10.0,0,70.9
1893,2355,W3,Packaging,11.24,94.14,1,758.3,completed,2026-02-15,758.3,5.34,Good,Q3,9.41,1.33,7.5,0,70.0
1894,4245,W4,Packing,11.96,92.39,2,437.88,completed,2025-07-10,437.88,5.02,Good,Q4,9.24,1.25,5.0,0,63.0
1895,3741,W5,Packing,23.37,86.94,1,835.93,completed,2024-07-26,835.93,2.57,Fair,Q3,8.69,0.64,7.5,0,65.8
1896,4226,W5,Sorting,17.05,83.44,2,738.77,pending,2026-06-10,,3.52,Poor,Q4,8.34,0.88,5.0,5,51.4
1897,2361,W3,Packaging,15.28,99.8,1,593.81,completed,2023-02-22,593.81,3.93,Excellent,Q3,9.98,0.98,7.5,0,71.1
1898,1940,W2,Picking,20.21,99.74,1,326.04,cancelled,2026-04-15,,2.97,Excellent,Q3,9.97,0.74,7.5,10,55.5
1899,2299,W2,Picking,25.76,98.81,3,682.43,failed,2023-05-22,,2.33,Excellent,Q4,9.88,0.58,2.5,10,42.3
1900,2743,W2,Picking,12.52,87.98,1,543.9,completed,2026-02-11,543.9,4.79,Fair,Q3,8.8,1.2,7.5,0,67.5
1901,3935,W2,Picking,17.5,97.53,0,532.67,completed,2025-10-01,532.67,3.43,Excellent,Q2,9.75,0.86,10.0,0,76.3
1902,3610,W2,Packing,17.29,86.66,0,368.27,failed,2025-06-22,,3.47,Fair,Q2,8.67,0.87,10.0,10,57.5
1903,2510,W3,Packing,22.97,93.85,0,155.04,completed,2024-08-12,155.04,2.61,Good,Q2,9.38,0.65,10.0,0,74.5
1904,4343,W2,Picking,18.01,93.64,0,468.71,completed,2023-08-05,468.71,3.33,Good,Q2,9.36,0.83,10.0,0,74.8
1905,3556,W2,Packaging,24.79,94.89,2,538.47,pending,2023-07-09,,2.42,Good,Q4,9.49,0.61,5.0,5,54.7
1906,3005,W1,Packing,12.63,98.24,0,361.83,pending,2023-11-24,,4.75,Excellent,Q2,9.82,1.19,10.0,5,69.8
1907,1724,W2,Packing,12.24,88.72,0,570.41,completed,2024-01-06,570.41,4.9,Fair,Q2,8.87,1.23,10.0,0,74.1
1908,2088,W3,Packing,22.64,93.0,4,484.3,completed,2025-09-17,484.3,2.65,Good,Q4,9.3,0.66,0,0,49.2
1909,3743,W2,Packing,19.44,89.65,2,696.92,completed,2025-07-17,696.92,3.09,Fair,Q4,8.96,0.77,5.0,0,60.8
1910,2800,W4,Packaging,18.1,92.46,1,166.68,pending,2023-09-05,,3.31,Good,Q3,9.25,0.83,7.5,5,60.7
1911,3684,W4,Packaging,15.13,93.94,1,788.04,completed,2026-04-08,788.04,3.97,Good,Q3,9.39,0.99,7.5,0,69.1
1912,3518,W2,Picking,10.95,95.25,2,488.34,completed,2024-03-14,488.34,5.48,Good,Q4,9.53,1.37,5.0,0,64.3
1913,1967,W4,Packaging,15.43,89.27,0,549.7,failed,2026-02-06,,3.89,Fair,Q2,8.93,0.97,10.0,10,58.7
1914,2001,W5,Packaging,15.46,92.41,3,601.56,completed,2026-03-28,601.56,3.88,Good,Q4,9.24,0.97,2.5,0,56.0
1915,4046,W5,Packaging,24.66,88.33,3,401.63,completed,2025-10-06,401.63,2.43,Fair,Q4,8.83,0.61,2.5,0,53.7
1916,2069,W2,Packaging,25.58,88.64,4,491.82,pending,2024-06-03,,2.35,Fair,Q4,8.86,0.59,0,5,40.0
1917,2797,W5,Packing,21.11,86.11,0,733.61,completed,2023-01-06,733.61,2.84,Fair,Q2,8.61,0.71,10.0,0,71.9
1918,3440,W2,Packaging,23.06,92.88,2,571.71,completed,2025-08-17,571.71,2.6,Good,Q4,9.29,0.65,5.0,0,61.6
1919,3125,W5,Packing,23.35,94.72,2,809.28,completed,2024-05-12,809.28,2.57,Good,Q4,9.47,0.64,5.0,0,62.2
1920,2492,W2,Packaging,17.51,86.15,0,127.49,completed,2025-03-24,127.49,3.43,Fair,Q2,8.62,0.86,10.0,0,72.3
1921,2907,W1,Packaging,19.92,93.4,0,799.67,completed,2025-11-28,799.67,3.01,Good,Q2,9.34,0.75,10.0,0,74.6
1922,2524,W5,Packing,19.32,90.21,3,603.64,completed,2025-11-19,603.64,3.11,Fair,Q4,9.02,0.78,2.5,0,54.8
1923,4332,W3,Packaging,6.51,92.62,2,674.93,completed,2023-03-24,674.93,9.22,Good,Q4,9.26,2.3,5.0,0,65.7
1924,4336,W2,Picking,8.02,89.89,4,553.91,completed,2026-03-18,553.91,7.48,Fair,Q4,8.99,1.87,0,0,51.1
1925,1383,W5,Sorting,31.48,89.88,2,622.84,completed,2023-02-16,622.84,1.91,Fair,Q4,8.99,0.48,5.0,0,60.2
1926,1098,W2,Packaging,22.93,90.33,0,305.79,pending,2023-07-09,,2.62,Fair,Q2,9.03,0.65,10.0,5,65.7
1927,1020,W3,Packaging,12.97,89.24,1,178.94,completed,2026-03-26,178.94,4.63,Fair,Q3,8.92,1.16,7.5,0,67.9
1928,1471,W4,Packing,23.44,93.68,0,523.26,completed,2023-10-25,523.26,2.56,Good,Q2,9.37,0.64,10.0,0,74.4
1929,2885,W4,Picking,14.92,96.23,2,786.53,completed,2025-04-19,786.53,4.02,Good,Q4,9.62,1.01,5.0,0,63.7
1930,1461,W4,Packaging,24.79,91.19,0,89.51,completed,2025-02-22,89.51,2.42,Fair,Q2,9.12,0.61,10.0,0,73.4
1931,3710,W4,Picking,16.27,100.0,0,618.7,completed,2025-12-19,618.7,3.69,Excellent,Q2,10.0,0.92,10.0,0,77.3
1932,3342,W4,Packaging,11.05,91.77,0,45.91,completed,2024-01-30,45.91,5.43,Fair,Q2,9.18,1.36,10.0,0,75.5
1933,4181,W4,Packing,9.84,94.18,0,692.4,completed,2025-12-02,692.4,6.1,Good,Q2,9.42,1.52,10.0,0,76.8
1934,4235,W1,Packaging,19.83,95.13,1,252.52,pending,2026-02-17,,3.03,Good,Q3,9.51,0.76,7.5,5,61.4
1935,2538,W4,Packaging,20.57,92.36,0,512.93,cancelled,2023-09-21,,2.92,Good,Q2,9.24,0.73,10.0,10,59.2
1936,4439,W1,Packaging,19.38,88.48,3,617.51,completed,2023-05-16,617.51,3.1,Fair,Q4,8.85,0.77,2.5,0,54.1
1937,4179,W1,Packaging,12.82,93.96,1,702.62,completed,2023-07-19,702.62,4.68,Good,Q3,9.4,1.17,7.5,0,69.6
1938,2337,W2,Packing,14.09,89.43,3,314.78,completed,2026-01-10,314.78,4.26,Fair,Q4,8.94,1.06,2.5,0,55.2
1939,4188,W3,Packing,21.27,92.43,4,756.57,completed,2023-11-16,756.57,2.82,Good,Q4,9.24,0.71,0,0,49.1
1940,1663,W1,Packaging,19.01,99.29,0,317.12,failed,2025-09-08,,3.16,Excellent,Q2,9.93,0.79,10.0,10,61.7
1941,2745,W2,Packing,24.09,94.91,0,86.29,completed,2026-04-24,86.29,2.49,Good,Q2,9.49,0.62,10.0,0,74.8
1942,1438,W1,Packing,20.4,96.88,1,557.83,completed,2024-12-02,557.83,2.94,Good,Q3,9.69,0.74,7.5,0,69.5
1943,2169,W3,Sorting,24.98,98.8,1,600.5,failed,2023-03-08,,2.4,Excellent,Q3,9.88,0.6,7.5,10,54.8
1944,3033,W2,Picking,18.35,86.29,0,353.63,completed,2026-03-01,353.63,3.27,Fair,Q2,8.63,0.82,10.0,0,72.3
1945,2425,W4,Sorting,19.8,88.26,0,664.95,completed,2025-01-31,664.95,3.03,Fair,Q2,8.83,0.76,10.0,0,72.8
1946,1560,W3,Packing,23.04,96.57,0,717.72,cancelled,2024-05-29,,2.6,Good,Q2,9.66,0.65,10.0,10,60.4
1947,1848,W4,Packing,18.68,95.88,2,117.4,completed,2023-02-24,117.4,3.21,Good,Q4,9.59,0.8,5.0,0,63.1
1948,1663,W4,Packaging,22.33,90.94,2,90.13,completed,2025-05-17,90.13,2.69,Fair,Q4,9.09,0.67,5.0,0,61.0
1949,1124,W5,Picking,10.7,90.53,0,138.69,completed,2023-08-10,138.69,5.61,Fair,Q2,9.05,1.4,10.0,0,75.2
1950,2009,W3,Picking,11.62,96.8,1,393.22,completed,2023-04-21,393.22,5.16,Good,Q3,9.68,1.29,7.5,0,70.9
1951,3015,W4,Packaging,25.38,94.97,0,811.5,completed,2024-09-06,811.5,2.36,Good,Q2,9.5,0.59,10.0,0,74.7
1952,1744,W2,Packing,33.47,89.84,1,486.88,completed,2024-12-15,486.88,1.79,Fair,Q3,8.98,0.45,7.5,0,66.3
1953,2367,W5,Sorting,20.86,81.64,1,483.65,completed,2024-02-12,483.65,2.88,Poor,Q3,8.16,0.72,7.5,0,64.1
1954,4433,W2,Packing,20.68,93.57,0,784.84,completed,2025-06-14,784.84,2.9,Good,Q2,9.36,0.73,10.0,0,74.6
1955,2945,W4,Packing,22.83,98.03,0,599.06,pending,2023-02-08,,2.63,Excellent,Q2,9.8,0.66,10.0,5,68.5
1956,2353,W1,Picking,14.35,93.85,1,274.35,failed,2026-04-21,,4.18,Good,Q3,9.38,1.05,7.5,10,54.2
1957,1080,W1,Picking,22.13,98.97,0,225.68,pending,2024-06-21,,2.71,Excellent,Q2,9.9,0.68,10.0,5,68.8
1958,4101,W5,Packaging,18.77,90.9,1,611.94,completed,2024-07-06,611.94,3.2,Fair,Q3,9.09,0.8,7.5,0,67.6
1959,3493,W5,Picking,15.92,85.85,1,228.36,completed,2025-10-24,228.36,3.77,Fair,Q3,8.58,0.94,7.5,0,66.1
1960,4208,W1,Sorting,21.61,88.97,0,777.0,completed,2026-05-26,777.0,2.78,Fair,Q2,8.9,0.69,10.0,0,72.9
1961,2565,W5,Packing,19.61,86.47,0,694.41,completed,2026-05-19,694.41,3.06,Fair,Q2,8.65,0.76,10.0,0,72.2
1962,2986,W5,Sorting,18.71,95.16,0,138.95,completed,2024-08-10,138.95,3.21,Good,Q2,9.52,0.8,10.0,0,75.3
1963,4018,W1,Packing,17.23,97.5,1,167.82,completed,2025-11-21,167.82,3.48,Excellent,Q3,9.75,0.87,7.5,0,70.0
1964,1060,W5,Sorting,26.72,98.03,0,387.47,completed,2023-05-18,387.47,2.25,Excellent,Q2,9.8,0.56,10.0,0,75.7
1965,2887,W3,Packaging,24.82,86.45,1,57.57,cancelled,2026-01-12,,2.42,Fair,Q3,8.64,0.6,7.5,10,50.5
1966,1112,W2,Picking,21.47,95.01,1,570.57,completed,2024-06-15,570.57,2.79,Good,Q3,9.5,0.7,7.5,0,68.8
1967,4195,W1,Picking,12.46,91.19,0,753.93,completed,2026-04-12,753.93,4.82,Fair,Q2,9.12,1.2,10.0,0,74.9
1968,4425,W4,Packaging,13.48,100.0,1,33.71,cancelled,2026-01-05,,4.45,Excellent,Q3,10.0,1.11,7.5,10,56.5
1969,2065,W5,Sorting,13.62,86.42,4,789.94,cancelled,2024-09-14,,4.41,Fair,Q4,8.64,1.1,0,10,33.0
1970,3137,W5,Packaging,10.33,96.55,3,752.67,completed,2025-11-16,752.67,5.81,Good,Q4,9.66,1.45,2.5,0,58.7
1971,3212,W2,Packing,12.45,96.72,1,36.45,failed,2023-04-06,,4.82,Good,Q3,9.67,1.2,7.5,10,55.6
1972,1773,W4,Packing,16.57,91.74,0,165.16,completed,2025-02-17,165.16,3.62,Fair,Q2,9.17,0.91,10.0,0,74.4
1973,3046,W5,Picking,12.82,95.19,0,441.6,completed,2026-04-24,441.6,4.68,Good,Q2,9.52,1.17,10.0,0,76.2
1974,3974,W3,Packaging,7.45,86.93,2,140.61,completed,2025-03-14,140.61,8.05,Fair,Q4,8.69,2.01,5.0,0,62.9
1975,4237,W5,Packing,23.01,88.97,0,230.97,completed,2023-07-01,230.97,2.61,Fair,Q2,8.9,0.65,10.0,0,72.8
1976,2016,W5,Packing,27.86,84.41,2,475.79,completed,2023-12-29,475.79,2.15,Poor,Q4,8.44,0.54,5.0,0,58.4
1977,4190,W4,Sorting,20.48,88.96,1,310.63,completed,2025-07-31,310.63,2.93,Fair,Q3,8.9,0.73,7.5,0,66.7
1978,3875,W5,Packing,29.5,83.3,0,788.4,completed,2024-08-02,788.4,2.03,Poor,Q2,8.33,0.51,10.0,0,70.4
1979,2279,W5,Packing,21.63,91.74,1,393.3,completed,2023-11-07,393.3,2.77,Fair,Q3,9.17,0.69,7.5,0,67.6
1980,2456,W1,Packing,16.86,92.88,0,133.85,completed,2026-04-02,133.85,3.56,Good,Q2,9.29,0.89,10.0,0,74.7
1981,2089,W2,Packing,20.47,90.07,4,665.19,completed,2025-12-30,665.19,2.93,Fair,Q4,9.01,0.73,0,0,48.4
1982,2964,W4,Packaging,13.84,97.99,0,230.87,completed,2023-11-06,230.87,4.34,Excellent,Q2,9.8,1.08,10.0,0,77.0
1983,4398,W5,Packing,22.56,88.95,2,76.67,completed,2023-08-20,76.67,2.66,Fair,Q4,8.9,0.66,5.0,0,60.3
1984,4361,W5,Packaging,19.13,89.69,0,695.41,completed,2024-02-23,695.41,3.14,Fair,Q2,8.97,0.78,10.0,0,73.3
1985,2042,W4,Picking,10.15,98.84,1,222.6,completed,2024-10-19,222.6,5.91,Excellent,Q3,9.88,1.48,7.5,0,72.0
1986,2475,W5,Picking,19.81,92.45,0,774.86,completed,2024-07-24,774.86,3.03,Good,Q2,9.24,0.76,10.0,0,74.2
1987,2184,W3,Packing,19.8,94.98,1,176.36,completed,2024-07-14,176.36,3.03,Good,Q3,9.5,0.76,7.5,0,68.9
1988,4061,W1,Packing,18.75,100.0,1,419.34,completed,2023-05-14,419.34,3.2,Excellent,Q3,10.0,0.8,7.5,0,70.8
1989,3987,W5,Packaging,15.59,86.58,1,466.77,completed,2023-01-06,466.77,3.85,Fair,Q3,8.66,0.96,7.5,0,66.5
1990,2694,W4,Packing,16.58,97.44,1,384.78,pending,2025-11-24,,3.62,Excellent,Q3,9.74,0.9,7.5,5,62.6
1991,3525,W1,Packaging,8.95,89.26,0,470.84,pending,2026-01-07,,6.7,Fair,Q2,8.93,1.68,10.0,5,68.0
1992,2276,W5,Packaging,12.34,84.12,0,473.88,completed,2025-11-03,473.88,4.86,Poor,Q2,8.41,1.22,10.0,0,72.5
1993,1201,W4,Sorting,21.18,91.05,0,685.99,completed,2023-08-15,685.99,2.83,Fair,Q2,9.11,0.71,10.0,0,73.7
1994,2956,W1,Packaging,9.68,94.9,0,589.02,pending,2025-01-09,,6.2,Good,Q2,9.49,1.55,10.0,5,69.6
1995,1930,W2,Packing,22.96,90.64,0,623.05,cancelled,2026-05-05,,2.61,Fair,Q2,9.06,0.65,10.0,10,58.3
1996,1515,W5,Packing,22.44,86.98,3,607.31,completed,2023-07-24,607.31,2.67,Fair,Q4,8.7,0.67,2.5,0,53.4
1997,3344,W5,Sorting,18.84,84.52,2,562.81,completed,2024-09-08,562.81,3.18,Poor,Q4,8.45,0.8,5.0,0,59.1
1998,2541,W2,Sorting,21.85,86.1,1,259.92,completed,2025-02-07,259.92,2.75,Fair,Q3,8.61,0.69,7.5,0,65.6
1999,2272,W3,Packing,14.44,95.6,0,699.86,completed,2024-10-06,699.86,4.16,Good,Q2,9.56,1.04,10.0,0,76.1
2000,2845,W4,Sorting,19.37,89.05,1,39.37,completed,2024-09-23,39.37,3.1,Fair,Q3,8.9,0.77,7.5,0,66.8
